sentence,emoji
Not impressed!!,🙄
Injured :(,🤕
Keeping quiet!,🤐
Fuming :(,😡
Sly smile!!,😏
Feeling down!,🙁
So annoyed!,😤
Shhh!,🤐
Feeling overheated!,🥵
Feeling satisfied,😋
Gross feeling :(,🤢
Good night :),😴
Uncomfortable,😖
This is irritating :),😤
I am in love!,❤️
This is crazy!!,🤯
Not impressed,🙄
I am amazed!,🤩
I feel miserable :(,😢
Seriously?,🙄
Adore it!!,❤️
Feeling blessed :(,😇
I feel fantastic!,😄
Shocking!,🤯
So annoyed,😤
So relaxed :),😎
I am excited! :(,🎉
Ugh...,😒
Feeling faint :(,😵
Feeling fun!,😜
This is disappointing!,🙁
Funny face,😝
That was funny!!,😂
I am thinking :(,🤔
I am feeling down :),😢
So tempting :),🤤
Speechless :),😶
Birthday vibes :),🥳
Feeling festive :),🥳
Gross feeling :),🤢
So mad,😡
This is awesome!!,🤩
Dazed!,😵
Sick!!,😷
So tempting :(,🤤
Not happy today :(,🙁
Feeling blessed!,😇
Fuming,😡
Feeling relieved :(,😌
I am terrified,😱
Shhh!,🤐
Hot!!,🥵
Yuck!!!,🤢
Cannot handle this :),🤮
So annoyed :),😤
Sick to stomach!,🤢
Peaceful mind!!,😌
I am excited!!,🎉
Uncomfortable :(,😖
Feeling depressed,🙁
Ugh!,🙄
Exhausted :(,😓
Feeling terrible :(,😢
Life is amazing :),😄
This is scary!,😱
Oh no!!!,😳
Let's party tonight!!,🎉
Sick :(,😷
I am thinking!,🤔
Feeling sick :(,🤒
Oh no! :(,😳
Overworked,😓
Difficult situation :(,😣
I want that :),🤤
Feeling depressed,😞
No reaction!,😐
So tired!!,😪
So annoyed!,😤
Feeling sick :),🤮
Oh no! :(,😳
Calm day :),😌
This is awesome :(,🤩
Surprised,😲
Keeping quiet,🤐
Just joking :(,😛
Almost asleep :(,😪
I got this!!,😏
Silly and weird!!,🤪
Feeling romantic!!,🥰
So annoyed :),😤
That annoyed me,😠
Dazed :(,😵
Let's celebrate!!,🥳
No words!!,😶
Feeling down!!,😔
Annoyed!,😒
I love this!,❤️
I am so happy today!!,😄
Hot!!,🥵
I know something,😏
Recovery time,🤕
Yuck!!,🤢
Overworked!!,😓
Sly smile :),😏
Feeling stressed,😓
Yucky!,🤮
Disappointed :(,😔
Peaceful day :),😇
Silent :),🤐
Sly smile!!,😏
Silent :),🤐
Feeling bad!,😖
Shocking!,🤯
Gross feeling :),🤢
Exhausted :),😓
Just kidding!!,😜
Silent!!,😶
Yummy food :(,😋
Good night :),😴
Cannot handle this!!,🤮
Feeling meh :),😐
Not feeling well!!,😷
Wow!!,😲
I am woozy :(,🥴
Party time!!,🥳
Unhappy with this!!,🙁
Feeling drowsy,😪
Feeling smug :(,😏
Sleeping :(,😴
I feel sad,🙁
Feeling drowsy!,😪
Feeling cheeky :),😏
Overwhelmed!,😵
Feeling relaxed :(,😌
So annoying :),🙄
Feeling terrible,😢
Not happy :),😔
Not happy!!,😔
LOL!!,😂
Cannot handle this,🤮
Health issues :(,😷
Just joking :),😛
Yuck!!,🤢
That annoyed me!,😠
Just kidding!!,😜
Unwell :(,🤒
I am feeling cool!,😎
Sealed lips :(,🤐
Feeling angry!!,😤
Upset!!,😤
This makes me mad!!,😠
Feeling shy,😳
So affectionate!,🥰
Injured!!,🤕
Feeling sick!!,🤒
Sweating from stress!!,😓
So soothing!!,😌
Oh no!,😳
Out of it!!,🥴
I am so happy today :),😄
Sweaty :),🥵
"Feeling depressed,i am in depression :(",😔
Yummy food :(,😋
Difficult situation :),😣
"Feeling depressed,i am in depression!!",😔
Peaceful day!,😇
Disappointed,😔
Speechless,😶
Unwell!,🤒
Neutral!,😐
Need rest :),🤒
I am amazed!,🤩
Birthday vibes!!,🥳
I can't believe it!,😲
I need to figure it out :(,🤔
So cool! :(,🤩
This is unfortunate,😞
"Wow, incredible! :)",🤩
So mad :(,😡
No words!,😶
Feeling fun,😜
Ugh!!,🙄
Sick to stomach!,🤢
Curious about this!!,🤔
Feeling starstruck!!,🤩
I love this,❤️
This is scary! :(,😱
"Yay, so happy! :)",😄
Feeling terrible :),😢
I feel hopeless :(,😞
Peaceful day :),😇
Funny mood!,🤪
Wacky mood!,🤪
So much love,❤️
Mouth watering!,🤤
Neutral!!,😐
I am feeling cool :),😎
Feeling sick!,🤮
Feeling nauseous :(,🤢
I feel loved,🥰
I love this meal!,😋
Delicious! :),😋
Need rest :(,🤒
Frustrated :(,😡
I am chill!!,😎
Meh... :(,😐
I am disappointed!!,😞
I feel bad :),😔
I love this :(,❤️
Blushing :(,😳
Recovery time,🤕
Yay!!,🥳
So affectionate :),🥰
Silent,😶
Cheeky mood,😛
Feeling terrible :),😢
Extreme anger,🤬
So soothing :),😌
Overwhelmed :(,🤯
Shocking!,🤯
Caught off guard!,😳
Meh...,😐
No reaction,😐
Sleeping :(,😴
Silent!,🤐
Feeling stressed :),😣
Funny face :),😝
Mind blown!!,🤯
I am thinking!,🤔
I am terrified :),😱
I am goofy :(,🤪
So tasty :),😋
Can't say!!,🤐
So much love,❤️
I am feeling down,😢
Frustrated :),😡
Feeling festive :(,🥳
This is crazy!!,🤯
So annoying :),🙄
Feeling relaxed,😌
Upset! :),😡
Feeling relaxed,😌
Sad day!!,😔
I am in love :(,❤️
Funny face!,😝
Can't say!!,🤐
Unwell!!,🤒
Hot :(,🥵
Blushing!!,😳
Unbelievable!!!,😲
This is disappointing :),🙁
Birthday vibes :(,🥳
Need rest!!,🤒
Feeling depressed!,🙁
Mind blown,🤯
We won! :(,🎉
Yummy food!!,😋
Feeling relaxed!!,😴
Frustrated!!,😖
Shocking!,🤯
Life is amazing!,😄
Being playful :(,😜
Delicious food!!,🤤
Feeling good!!,😇
Feeling drowsy :(,😪
Calm day,😌
I am scared!!,😱
Feeling starstruck :),🤩
Feeling stressed :(,😣
Ugh!,🙄
Fun time :),😛
Feeling smug :),😏
"ZZZ...,i am sleeping!",😴
I need to figure it out,🤔
Shivering :(,🥶
Feeling bad :(,😖
Thinking...!,🤔
Cursing,🤬
Mouth watering :(,🤤
Feeling depressed :),🙁
Not happy today,🙁
Feeling shy :(,😳
Feeling faint :),😵
Yucky! :(,🤮
Upset!!!,😤
Health issues!!,😷
Sneezing,🤧
I feel hopeless,😞
Feeling terrible!!,😢
Summer sun :),🥵
Embarrassed,😳
Frustrated :(,😖
Not happy :),😔
Being playful :(,😜
"Feeling depressed,i am in depression :)",😔
Mad!!,🤬
Hurt myself :),🤕
I am disappointed :(,😞
That annoyed me :),😠
So cold!!,🥶
Crazy fun!,😝
Wacky mood!,🤪
Unhappy with this!!,🙁
So mad!,😡
Adore it!,❤️
I am feeling cool :(,😎
Almost asleep!!,😪
This is unfortunate,😞
Outraged!!,🤬
Sad day,😔
Feeling fun :),😜
Not feeling well,😷
Funny face :),😝
Eye roll :),🙄
Playful :),😛
"So funny!,laugh,i am laughing!",😂
Silly face :),😛
Feeling shy!!,😳
Cannot handle this!,🤮
Yay! :),🥳
Unbelievable! :),😲
Being goofy,😝
Life is amazing :),😄
Disappointed,😔
So much love :(,❤️
Surprised :),😲
Caught off guard :),😳
Sleeping :(,😴
Adore it! :),❤️
I can't believe it :(,😲
This is hard!,😣
Furious!,🤬
I can't believe it,😲
I need to figure it out!,🤔
I can't believe it!!,😲
Dreaming :),😴
Tired :),😓
I am feeling cool!!,😎
Feeling stressed :(,😓
Feeling weird :(,🥴
So stressed!!,😖
So tired!!,😪
Gross feeling!,🤢
Let's celebrate :),🥳
"So funny!,laugh,i am laughing :(",😂
Gross :(,🤮
Silly face!,😛
Gross :),🤮
Playful,😛
Not impressed,🙄
Sealed lips :(,🤐
So mad :),😡
Surprised :(,😲
Just joking!,😛
Feeling starstruck!!,🤩
Upset! :(,😤
So tasty!,😋
I am furious!,😠
So tired!!,😪
Tired :(,😓
Feeling crazy :(,🤪
Exhausted!!,😓
Sleeping!!,😴
Funny mood :),🤪
So cold :),🥶
Not happy today!!,🙁
I adore this :(,🥰
Silly me :(,😜
So tasty,😋
Silly and weird!,🤪
Embarrassed!,😳
Feeling overheated,🥵
Funny face!,😝
This is hard :(,😣
I am woozy!,🥴
Yay!!,🥳
Feeling smug :),😏
Eye roll!,🙄
Not happy today,🙁
Funny face!!,😝
I need warmth,🥶
Freezing :),🥶
Flu symptoms :),😷
Thinking... :(,🤔
Silly and weird,🤪
So stressed!,😖
I know something!,😏
Freezing!,🥶
Looking stylish :),😎
Feeling good!!,😇
Feeling affectionate :(,❤️
Frustrated :),😡
Bandaged up!,🤕
Yummy food,😋
So cool!!,🤩
So much love :),❤️
Silly mood,😝
I am dizzy :),😵
Looking stylish,😎
Crazy fun :),😝
Cannot handle this :),🤮
Ugh!,🙄
I can't believe it :),🤯
Not impressed,😒
That was funny :),😂
Feeling stressed!,😓
Adore it! :),❤️
Time to celebrate,🎉
I am amazed!!,🤩
"I need food,i am hungry :(",🤤
Shocked silently!!,😶
Feeling sick!!,🤒
Dazed :(,😵
Adore it! :(,❤️
Yay!!,🥳
Ugh...!,😒
So annoying!,🙄
So affectionate :),🥰
Feeling shy :(,😳
Tired,😓
Feeling low!!,😞
Keeping quiet :),🤐
Delicious! :),😋
Feeling crazy :(,🤪
Fever :(,🤒
We won! :(,🎉
We won! :(,🎉
Not happy today,🙁
Feeling sick!!,🤮
So annoying :(,🙄
I got this!,😏
Feeling ill!!,😷
Dizzy!!,🥴
Temperature high!!,🤒
Just kidding!!,😜
Shhh!,🤐
I am goofy!,🤪
Feeling depressed,🙁
Silly and weird!,🤪
Confused mood :),🥴
Dreaming!!,😴
Gross,🤮
Speechless :),😶
Playful mood :),😜
Feeling stressed :(,😣
I am calm :(,😇
Surprised!!,😲
I adore this :(,🥰
Sneezing :(,🤧
I am feeling down!!,😢
Good night :),😴
Furious,🤬
No reaction :),😐
Peaceful day :),😇
"ZZZ...,i am sleeping :(",😴
Feeling smug,😏
Shivering!,🥶
Feeling nauseous!!,🤢
I am scared,😱
Feeling ill :),🤧
I am feeling angry,😠
I love this :),❤️
Sweaty!!,🥵
Feeling terrified!,😱
Feeling crazy,🤪
Sad day,😔
Cheeky mood!!,😛
Sad day,😔
Dreaming!,😴
Life is amazing!,😄
I am terrified :),😱
So frustrating!!,😠
I can't believe it :(,😲
I am so happy today,😄
Frustrated mood!!,😒
Feeling drowsy :(,😪
Eye roll!,🙄
Feeling faint!,😵
Unbelievable!!,😲
"Feeling depressed,i am in depression",😔
I am calm,😇
Keeping quiet,🤐
Shivering :),🥶
Yuck!,🤢
Frustrated!,😡
This is crazy!,🤯
Upset!,😤
Celebration time!!,🎉
Sad day :(,😔
This is hard :),😣
Birthday vibes!!,🥳
Mad!!!,🤬
Upset!!,😤
Need rest,🤒
Fun time!!,😛
Outraged :(,🤬
Cursing,🤬
Playful mood!,😜
Silent :(,😶
Mouth watering!,🤤
Sleepy :(,😪
Mind blown :(,🤯
That was funny!!,😂
Bandaged up :(,🤕
Feeling festive :),🥳
Feeling faint,😵
Unwell :(,🤒
Uncomfortable,😖
No words,😶
Feeling overheated!,🥵
Feeling angry!!,😤
Funny mood!,🤪
Overwhelmed,🤯
Sealed lips!!,🤐
Sweaty!,🥵
Flu symptoms :(,😷
Just joking :),😛
So mad :),😡
Shhh!!,🤐
Frustrated!,😖
No reaction!,😐
I love this meal!,😋
Recovery time,🤕
Speechless!,😶
Sniff sniff!,🤧
So affectionate :),🥰
Annoyed :(,😒
So tempting!,🤤
Frustrated mood!!,😒
Feeling smug :),😏
Mouth watering :),🤤
I love this meal,😋
Feeling nauseous!,🤢
Sending love :(,🥰
Calm day :(,😌
Hurt myself!,🤕
Mouth watering :(,🤤
I am scared :(,😱
Tears are falling!,😢
Yummy food!,😋
Feeling starstruck,🤩
Feeling relaxed,😴
Crazy fun,😝
I am goofy!!,🤪
Summer sun :),🥵
Sniff sniff :),🤧
So frustrating!!,😠
Not impressed :),🙄
Silly me,😜
Crazy fun,😝
Adore it!,❤️
Ugh...,😒
Fun time!,😛
Feeling romantic,🥰
Feeling meh!!,😐
I want to nap :),😪
I got this!,😏
Angry!,😡
Nothing to say!,😶
Overwhelmed,🤯
I am terrified :(,😱
Meh... :),😐
Time to celebrate :),🎉
Overwhelmed :(,🤯
Dreaming,😴
Celebration time,🎉
Curious about this!,🤔
Upset! :(,😤
So much love!,❤️
Sick to stomach!,🤢
Dazed!!,😵
Feeling drowsy!,😪
Feeling festive :),🥳
I am excited!,🎉
Sending love!!,🥰
Frustrated :),😡
So mad!,😡
I am terrified :),😱
Vomiting :),🤮
Wow!!,😲
Calm day :),😌
Silly and weird!,🤪
Sweaty :(,🥵
So affectionate,🥰
Sweaty :),🥵
This is crazy,🤯
Party time! :(,🥳
Feeling weird!!,🥴
Not impressed :(,🙄
Birthday vibes :),🥳
So cold :),🥶
Delicious! :(,😋
So frustrating!!!,😠
This is disappointing :),🙁
That annoyed me :(,😠
Feeling depressed!!,😢
I can't!,😣
I feel hopeless!!,😞
I need warmth :(,🥶
Mind spinning!!,😵
So soothing :),😌
So soothing,😌
I am feeling down :),😢
I got this :),😏
Let's party tonight!!,🎉
Unwell :(,🤒
Sick to stomach!,🤢
Feeling shy!!,😳
LOL,😂
Hot :),🥵
Disappointed!!,😔
So cold :),🥶
Fever :(,🤒
Sleeping!,😴
Feeling terrified :),😱
Not impressed :),😒
Frustrated :),😡
I want to nap :(,😪
So cold,🥶
No words!,😶
Disappointed :),😔
Delicious!!,😋
Unhappy with this!!,🙁
So tired :(,😪
So tired,😪
Funny mood :),🤪
Can't say,🤐
That was funny :(,😂
Yucky!!!,🤮
Disappointed,😔
Flu symptoms!!,😷
Feeling romantic :(,🥰
Mind blown,🤯
Delicious!!!,😋
Overwhelmed!!,🤯
This is irritating,😤
So tasty!,😋
This is scary! :),😱
"Wow, incredible!",🤩
Frustrated!!,😡
I am goofy,🤪
Gross feeling!,🤢
This is disappointing :),🙁
Sleeping,😴
Feeling terrible,😢
Cheeky mood!,😛
Unbelievable!,😲
Time to celebrate!!,🎉
"Hmm, I wonder!",🤔
So annoyed!!,😤
Sleeping!!,😴
Struggling!,😣
So warm!!!,🥵
Not feeling well!!,😷
I love this meal!!,😋
Hurt myself :),🤕
Crazy fun!!,😝
Cursing,🤬
Vomiting :),🤮
Looking stylish :(,😎
Frustrated!!,😡
This is irritating :(,😤
Not happy,😔
Unhappy with this :(,🙁
Feeling affectionate :),❤️
Peaceful mind!!,😌
Mad! :(,🤬
Allergies!!!,🤧
Ugh :(,🙄
Feeling ill :),🤧
So tasty!,😋
Fun time :),😛
"Yay, so happy!!",😄
Peaceful mind!!,😌
I am upset :),😞
Allergies!!!,🤧
Just kidding :),😜
Good night!,😴
Playful mood!,😜
So tempting :(,🤤
Surprised :(,😲
Calm day!!,😌
Shivering,🥶
Vomiting :),🤮
Shocking!,🤯
I am frustrated!!,😤
Surprised!,😲
Can't say,🤐
Feeling starstruck!,🤩
Silly me :),😜
Summer sun!!,🥵
Mad!,🤬
I can't believe it :(,😲
Uncomfortable :(,😖
Sick to stomach!!,🤢
Dizzy!,🥴
I love this meal :),😋
I can't,😣
Feeling affectionate :(,❤️
Embarrassed!!,😳
Life is amazing!!,😄
I want that :),🤤
Feeling nauseous!!,🤢
Shocking!!,🤯
Not happy today,🙁
Feeling drowsy!!,😪
Feeling faint :(,😵
Feeling crazy!,🤪
Indifferent!!,😐
Time to celebrate!!,🎉
Outraged :),🤬
I love this,❤️
Health issues :(,😷
Angry!!,😡
I am feeling angry!!,😠
Just joking :(,😛
Delicious food!,🤤
Being goofy :),😝
Feeling fun :(,😜
Frustrated mood!!,😒
Silent :),🤐
Extreme anger,🤬
I feel loved :),🥰
So frustrating!!!,😠
I need warmth!!,🥶
This is disappointing,🙁
Feeling fun!,😜
Overwhelmed :(,😵
Mind spinning,😵
Freezing,🥶
So tasty,😋
Hot!,🥵
Feeling satisfied :(,😋
Feeling sick :),🤮
Time to celebrate!!,🎉
Summer sun :),🥵
Sick,😷
I can't believe it!!,🤯
Hungry,🤤
So cold :(,🥶
That annoyed me,😠
So cold!!,🥶
Feeling festive!!,🥳
That was funny!!,😂
"Yay, so happy! :(",😄
Fun time!!,😛
Feeling sick,🤮
Eye roll!!,🙄
Feeling meh!!,😐
Blushing!,😳
I can't eat :(,🤢
Mind spinning :(,😵
Crazy fun :),😝
"I need food,i am hungry :(",🤤
I adore this,🥰
I am feeling angry!,😠
"Hmm, I wonder",🤔
I feel bad,😔
I adore this :),🥰
Neutral!!,😐
I can't stop laughing :(,😂
Vomiting :),🤮
So mad :),😡
Sleeping!,😴
I am feeling cool!,😎
Allergies!!!,🤧
Summer sun,🥵
Feeling good!!,😇
Not impressed :(,🙄
Shocked silently!!,😶
Tired :),😓
Feeling sick :(,🤮
Time to celebrate!,🎉
This is irritating,😤
Crazy fun,😝
Furious!!,🤬
Almost asleep :),😪
Confused mood,🥴
Feeling good :),😇
Just kidding!!,😜
"Hmm, I wonder :)",🤔
LOL!,😂
So soothing :),😌
Just joking :),😛
Feeling good!!,😇
I feel bad!,😔
Tired!,😓
Feeling sick :),🤮
No words,😶
Just kidding :(,😜
Out of it :),🥴
"Yay, so happy! :(",😄
Feeling down,🙁
Wacky mood!,🤪
Feeling romantic,🥰
Feeling depressed!!,😢
This is shocking! :(,😱
Caught off guard!,😳
I feel miserable,😢
I am terrified,😱
Upset!!!,😤
"Wow, incredible!!",🤩
I feel miserable!,😢
Funny mood,🤪
I can't,😣
So sad!,😞
"So funny!,laugh,i am laughing!",😂
Peaceful day,😇
Indifferent :(,😐
Feeling weird!!,🥴
Feeling romantic,🥰
Feeling confident,😎
This is scary! :),😱
Silly and weird,🤪
This is crazy,🤯
"I need food,i am hungry :)",🤤
Silly me :),😜
I got this!!,😏
I love this!,❤️
So stressed!!,😖
Feeling sick :),🤮
I am so happy today!,😄
Being playful,😜
Playful mood,😜
Funny face!!,😝
Feeling blessed,😇
This is hard,😣
Uncomfortable,😖
Sending love!,🥰
Frustrated mood :),😒
Feeling bad,😖
So annoyed :),😤
I am thinking,🤔
Sweating from stress!,😓
Birthday vibes :),🥳
Curious about this :),🤔
So annoying :(,🙄
I am feeling angry :),😠
That was funny!,😂
Not happy today :(,🙁
Feeling relaxed,😴
Recovery time!,🤕
Angry :),😡
Gross,🤮
Silly and weird :(,🤪
Unwell!,🤒
Feeling ill!!,🤧
Sweaty!,🥵
Feeling low :),😞
Ouch! :),🤕
Feeling depressed!!,😞
Feeling fun!!,😜
Just joking,😛
Feeling stressed,😓
I can't stop laughing :(,😂
Eye roll,🙄
Feeling depressed,😢
Feeling stressed!,😣
Feeling sick :),🤒
Fuming!,😡
I feel bad!!,😔
Shivering :),🥶
Annoyed!,😖
Funny face :),😝
Feeling pain!,🤕
Feeling wild!!,😝
Feeling fun :),😜
Recovery time :(,🤕
So relaxed!!,😎
So relaxed!!,😎
Crazy fun :(,😝
Playful!!,😛
Feeling confident!,😎
We won! :(,🎉
I feel loved :(,🥰
Upset! :(,😤
Gross feeling!,🤢
Sneezing!!,🤧
Feeling sick :),🤒
Sleeping!!,😴
I am calm!!,😇
Silent!!,🤐
Annoyed!,😖
Tired!!,😓
I am goofy!,🤪
Need rest,🤒
Being goofy :),😝
Thinking...!,🤔
Just joking :),😛
Curious about this,🤔
Sick to stomach :),🤢
Yuck! :),🤢
Not impressed :(,😒
Unhappy with this!!,🙁
Sleepy :),😪
Seriously?!,🙄
Hot!!,🥵
I love this meal!!,😋
Recovery time!!,🤕
Dizzy :),🥴
Hilarious!!!,😂
Cursing :(,🤬
Allergies! :),🤧
Ugh!!,🙄
Feeling depressed :),🙁
So annoyed!!,😤
Oh no!,😳
Feeling relaxed!!,😴
This is shocking!,😱
Feeling bored :(,😒
Not impressed,😒
Extreme anger :),🤬
I feel hopeless :),😞
Struggling!!,😣
Annoyed!!,😖
Feeling stressed!,😓
Delicious food :(,🤤
Freezing :(,🥶
I know something!!,😏
Feeling shy!,😳
Dizzy :(,🥴
Feeling fun :),😜
Uncomfortable :(,😖
Meh...,😐
Sleeping!!,😴
Hungry!,🤤
Gross feeling,🤢
Party time! :(,🥳
Tired :(,😓
Summer sun :),🥵
I want to nap!,😪
Gross :),🤮
I am woozy :),🥴
Feeling stressed!!,😓
I want to nap!!,😪
Feeling angry :(,😤
Looking stylish!,😎
I am feeling angry!,😠
Silly face,😛
Not impressed,🙄
Sleepy!!,😪
Silly me!,😜
Confused mood,🥴
LOL!,😂
I need warmth :(,🥶
Unwell,🤒
Embarrassed!!,😳
Feeling crazy :),🤪
So relaxed :(,😎
I feel loved,🥰
Cursing!,🤬
I know something,😏
So stressed!,😖
Fun time!,😛
I can't stop laughing,😂
I know something!!,😏
Surprised!!,😲
Feeling starstruck!,🤩
Feeling romantic :(,🥰
So cold,🥶
Ouch!,🤕
"Hmm, I wonder :(",🤔
Bandaged up :),🤕
So affectionate!,🥰
Feeling ill!,🤧
Ouch!!!,🤕
Sweating from stress!!,😓
Mad! :(,🤬
"ZZZ...,i am sleeping :)",😴
Feeling bored,😒
Wow! :(,😲
Unbelievable!,😲
Feeling confident!,😎
Difficult situation :),😣
Angry :(,😡
Delicious food :),🤤
Outraged!!,🤬
"I need food,i am hungry :)",🤤
Feeling crazy,🤪
I am disappointed :),😞
I am scared :(,😱
Need rest :(,🤒
Crazy fun :(,😝
Life is amazing!!,😄
Neutral!!,😐
Yummy food!,😋
Wacky mood!,🤪
I am so happy today :(,😄
Gross feeling :),🤢
Sniff sniff!,🤧
Playful,😛
So warm! :),🥵
So stressed!!,😖
Let's party tonight!!,🎉
Frustrated :(,😖
Mouth watering!!,🤤
Shocking!,🤯
Feeling blessed!!,😇
Feeling depressed :(,🙁
Feeling depressed!!,🙁
Feeling terrified :(,😱
I know something,😏
I love this!!,❤️
Sweaty :(,🥵
Feeling ill!!,🤧
Cheeky mood,😛
So cold!!,🥶
Feeling depressed :),😞
Not feeling well!,😷
This is scary!!!,😱
Upset! :(,😡
Sweating from stress :(,😓
Allergies! :(,🤧
Hurt myself :),🤕
Vomiting!,🤮
Feeling bad!!,😖
Sending love :),🥰
I am feeling cool :(,😎
Silent!!,🤐
No words :(,😶
Dizzy :(,🥴
Vomiting :(,🤮
Feeling depressed,😞
Silly me :),😜
Flu symptoms!,😷
Frustrated :(,😖
Not happy today :),🙁
I can't :(,😣
Dizzy,🥴
I love this :(,❤️
Temperature high :(,🤒
Allergies!,🤧
Celebration time :(,🎉
Confused mood :(,🥴
Feeling relaxed!!,😴
Neutral!!,😐
This is irritating!!,😤
I got this!!,😏
Adore it!!!,❤️
Good night,😴
Difficult situation :),😣
Silly and weird :),🤪
Nothing to say,😶
So annoying!!,🙄
Sneezing!,🤧
That was funny :(,😂
Sniff sniff :(,🤧
So relaxed!!,😎
Embarrassed!!,😳
Silent,😶
Freezing!!,🥶
Shhh! :(,🤐
Feeling weird :),🥴
Shhh! :),🤐
Fuming :(,😡
I love this!!,❤️
Life is amazing!,😄
So tired :(,😪
Hurt myself!,🤕
Out of it :),🥴
I want to nap!,😪
Curious about this :),🤔
Neutral!!,😐
Yuck!,🤢
I know something!!,😏
Feeling relaxed!,😴
LOL!!,😂
Feeling drowsy!!,😪
Sealed lips,🤐
I am amazed!,🤩
Feeling meh!!,😐
Blushing :),😳
Frustrated!!,😡
Celebration time!!,🎉
Looking stylish :(,😎
Frustrated mood :),😒
Funny mood!,🤪
Feeling sick,🤒
This is crazy,🤯
Thinking... :(,🤔
This is shocking!!,😱
Let's party tonight :),🎉
Keeping quiet :(,🤐
I am feeling cool!,😎
Calm day :),😌
Nothing to say :(,😶
Dreaming!,😴
Feeling crazy!,🤪
Sick to stomach :),🤢
Feeling down :),🙁
Unbelievable! :),😲
Dizzy :),🥴
Sleeping :(,😴
I am thinking :),🤔
I am chill!!,😎
Feeling ill :),😷
So mad,😡
Keeping quiet :),🤐
Upset! :),😡
Feeling bored,😒
Seriously?,🙄
Disappointed :(,😔
Cursing!!,🤬
I know something,😏
I feel miserable!!,😢
Ugh... :),😒
Difficult situation!,😣
Not impressed!!,😒
Frustrated!,😡
I feel bad!!,😔
So frustrating!!!,😠
So tasty,😋
I am frustrated :(,😤
Shocked silently!!,😶
Feeling ill!!,🤧
Feeling crazy!!,🤪
I got this,😏
Overwhelmed :),🤯
Birthday vibes,🥳
Yuck!!,🤢
Yay!,🥳
This is hard!,😣
Keeping quiet :),🤐
Looking stylish :),😎
I am terrified!,😱
Shhh!!,🤐
Unhappy with this!!,🙁
Gross,🤮
I am feeling down!!,😢
I am heartbroken,😢
Sniff sniff :),🤧
Feeling fun :(,😜
Frustrated mood :(,😒
Mind spinning :(,😵
Feeling weird :(,🥴
I feel bad :(,😔
Oh no!!!,😳
Uncomfortable!,😖
Health issues,😷
Sick!,😷
I am excited! :),🎉
This is crazy :(,🤯
Upset! :(,😤
Embarrassed!!,😳
"Hmm, I wonder :(",🤔
Uncomfortable :),😖
Nothing to say!,😶
Just kidding!!,😜
Being goofy :),😝
So tasty :),😋
Tears are falling!!,😢
Flu symptoms!,😷
Being playful,😜
I feel bad!!,😔
Feeling affectionate!,❤️
Sweaty,🥵
Feeling stressed :),😣
Playful :(,😛
Feeling faint!,😵
I am starving!,🤤
Flu symptoms!,😷
Silent,😶
Not impressed :),😒
Allergies!!,🤧
Feeling bored,😒
Yummy food!!,😋
Playful mood :(,😜
Feeling ill :),😷
Overwhelmed!,🤯
Sneezing :),🤧
Ugh...!,😒
Feeling stressed :),😣
So stressed,😖
So cold!,🥶
Shocked silently :),😶
Good night!,😴
I am scared,😱
Feeling wild :(,😝
Silent :(,😶
Shocked silently!!,😶
So stressed!!,😖
Overworked!,😓
So mad!,😡
I love this!,❤️
So tired :(,😪
Feeling stressed,😣
Birthday vibes,🥳
I am feeling down!,😢
Feeling sick :(,🤮
So soothing!!,😌
Almost asleep!,😪
Extreme anger,🤬
Nothing to say :(,😶
Let's celebrate!!,🥳
Dizzy :(,🥴
Good night :),😴
Feeling low!,😞
Feeling starstruck!!,🤩
Eye roll!!,🙄
This makes me mad :(,😠
I want to nap!,😪
Angry :(,😡
Playful mood,😜
Eye roll!,🙄
Time to celebrate :(,🎉
Outraged,🤬
Feeling relaxed!!,😌
So frustrating!,😠
So sad,😞
Out of it :(,🥴
Feeling romantic,🥰
So frustrating!,😠
Feeling terrified,😱
Winter mood,🥶
Sweating from stress,😓
I am so happy today,😄
I am in love,❤️
Life is amazing,😄
I love this meal :),😋
Feeling cheeky!!,😏
Feeling sick,🤮
I am calm,😇
This makes me mad :(,😠
Bandaged up :(,🤕
Let's party tonight!,🎉
I am in love :(,❤️
Yuck! :(,🤢
Feeling terrified,😱
Neutral :),😐
Cannot handle this!,🤮
Dizzy!,🥴
Shocking! :),🤯
Feeling depressed :(,🙁
Cold symptoms :),🤧
So tasty!,😋
Let's party tonight :),🎉
Calm day,😌
Peaceful day :(,😇
So cold :),🥶
Crazy fun,😝
Feeling shy!!,😳
I am feeling down :(,😢
I am thinking :),🤔
Feeling affectionate!!,❤️
Feeling romantic!,🥰
I feel sad!,🙁
"So funny!,laugh,i am laughing :(",😂
Ouch! :(,🤕
Wacky mood,🤪
We won!!,🎉
I am disappointed :(,😞
This is unfortunate!,😞
I am furious!,😠
"So funny!,laugh,i am laughing",😂
Angry!,😡
I am in love :(,❤️
Funny face!,😝
I can't believe it :),🤯
Feeling depressed,😢
Shocked! :),😲
Feeling confident :(,😎
Silly face!!,😛
Silly face!,😛
I can't eat!,🤢
Crazy fun,😝
Feeling cheeky :(,😏
Calm day!,😌
Unwell :(,🤒
Cannot handle this :),🤮
So affectionate,🥰
Blushing!,😳
Birthday vibes,🥳
Shhh! :(,🤐
Unwell :(,🤒
Feeling stressed,😣
Just kidding!,😜
I adore this :(,🥰
Speechless!!,😶
Not impressed!!,🙄
Being goofy,😝
Flu symptoms,😷
Not feeling well!!,😷
Fever :(,🤒
Sweaty :(,🥵
Feeling starstruck :(,🤩
Silly mood!!,😝
I am woozy!,🥴
I feel fantastic,😄
I feel fantastic :(,😄
Feeling stressed,😣
I feel bad :),😔
Yucky!!!,🤮
Yucky!!,🤮
Feeling pain!,🤕
Caught off guard :),😳
I need to figure it out!!,🤔
Sealed lips :(,🤐
Overwhelmed!,😵
Hot :(,🥵
Mad!,🤬
I need warmth :(,🥶
Feeling drowsy :),😪
I can't eat!,🤢
Extreme anger :),🤬
This is shocking! :),😱
I need warmth!,🥶
This is awesome!,🤩
Feeling ill!!,🤧
So much love :),❤️
So cold,🥶
Outraged :(,🤬
This is hard!!,😣
I am woozy :),🥴
Silly mood!,😝
Silly me :(,😜
Flu symptoms :),😷
Mad! :(,🤬
Winter mood!!,🥶
Birthday vibes!,🥳
Frustrated!!,😡
Feeling weird!,🥴
Sleepy!!,😪
Celebration time!!,🎉
I am calm!,😇
So mad!!,😡
Feeling good :(,😇
Mind spinning!!,😵
So tasty :),😋
Feeling sick,🤒
I am frustrated,😤
Cannot handle this :(,🤮
LOL!,😂
Feeling stressed!,😓
Ouch!!!,🤕
Yucky! :(,🤮
That annoyed me!!,😠
Shivering :),🥶
Yay! :),🥳
So tempting :),🤤
Upset!,😤
"Yay, so happy!!!",😄
Feeling ill :),🤧
I can't stop laughing!,😂
Mind blown,🤯
Feeling ill,🤧
Fun time :(,😛
Unhappy with this,🙁
So annoying :(,🙄
Overwhelmed!!,😵
Sending love,🥰
I love this meal,😋
This is hard!,😣
Meh...,😐
Feeling relaxed :(,😴
Freezing,🥶
So annoying!,🙄
Let's celebrate!!,🥳
Let's party tonight!,🎉
Feeling good :),😇
Not happy today :(,🙁
I want to nap!!,😪
This is unfortunate!,😞
Being goofy :),😝
Annoyed,😒
Not happy today!!,🙁
Frustrated!!,😖
Injured!!,🤕
Feeling overheated!,🥵
Feeling fun!,😜
Feeling depressed!!,😞
Thinking...!!,🤔
Funny mood!,🤪
Celebration time!,🎉
Silent,🤐
Meh... :(,😐
I am feeling down :(,😢
I feel hopeless!,😞
Silly me,😜
So cool! :),🤩
I feel sad :(,🙁
Time to celebrate :(,🎉
I know something,😏
Furious!!,🤬
Silly me,😜
Funny mood,🤪
Gross!!,🤮
"Hmm, I wonder!!",🤔
Just joking :),😛
I love this meal :),😋
This is disappointing :),🙁
I am woozy,🥴
Vomiting :(,🤮
Just joking!,😛
Exhausted!!,😓
This is awesome!,🤩
Yuck!,🤢
That was funny!!,😂
Wacky mood :),🤪
Caught off guard :(,😳
I am terrified :),😱
Funny mood!!,🤪
Sick!,😷
This is so sad,😢
Sick to stomach!,🤢
Playful :(,😛
So annoying :),🙄
Yummy food!,😋
Angry,😡
Eye roll!,🙄
Speechless :(,😶
That was funny!,😂
Sick to stomach,🤢
LOL :(,😂
So relaxed :(,😎
Feeling great :),😄
I am upset :),😞
So relaxed :),😎
"ZZZ...,i am sleeping :(",😴
I am scared,😱
Fun time :(,😛
Vomiting!,🤮
Uncomfortable,😖
I feel bad!!,😔
Need rest!!,🤒
So stressed!!,😖
Feeling ill,😷
I am disappointed!,😞
Freezing,🥶
Feeling starstruck!!,🤩
Feeling weird!,🥴
Allergies!!!,🤧
Feeling romantic!,🥰
Feeling overheated :),🥵
Temperature high!!,🤒
I know something :(,😏
Shocked!,😲
Feeling pain!!,🤕
Struggling :),😣
Surprised!,😲
Feeling drowsy :(,😪
Not happy!,😔
Vomiting :(,🤮
Caught off guard!!,😳
Not feeling well!!,😷
So mad :(,😡
Feeling stressed,😓
This is shocking!,😱
Just kidding,😜
Sneezing!,🤧
Thinking... :),🤔
Speechless!,😶
"Wow, incredible! :(",🤩
Gross feeling!!,🤢
Feeling depressed,😞
Sniff sniff!,🤧
Mad!!!,🤬
Dizzy!!,🥴
I can't believe it :(,😲
Wacky mood!!,🤪
Wow!!,😲
Mouth watering!,🤤
Feeling overheated :(,🥵
Feeling relaxed!,😌
Shocking!,🤯
I am thinking!,🤔
I feel loved,🥰
Feeling smug!,😏
This is shocking! :(,😱
Feeling starstruck,🤩
Mind blown!,🤯
"Hmm, I wonder!!",🤔
Feeling great :),😄
Health issues!,😷
Blushing :(,😳
Feeling stressed :),😣
Caught off guard!,😳
Cursing :),🤬
Sending love,🥰
I got this :(,😏
Overwhelmed,😵
"Feeling depressed,i am in depression :(",😔
Sweaty :(,🥵
Ugh :(,🙄
I am furious!,😠
Playful!,😛
Neutral!!,😐
I am feeling down,😢
I want that!,🤤
Feeling blessed!!,😇
Frustrated!,😡
Adore it!,❤️
Overwhelmed :(,😵
LOL :),😂
Disappointed :(,😔
Hilarious!,😂
Unbelievable! :),😲
I am so happy today,😄
Eye roll!!,🙄
Bandaged up!!,🤕
I am thinking!,🤔
Feeling angry!,😤
Outraged,🤬
Feeling depressed!!,😞
Sealed lips,🤐
Peaceful day :(,😇
Annoyed :(,😖
I need warmth!,🥶
Feeling cheeky :),😏
Feeling sick :(,🤮
So relaxed :),😎
I am woozy!,🥴
I am feeling angry,😠
Feeling relieved :(,😌
Exhausted!!,😓
Wow!!!,😲
Flu symptoms,😷
Vomiting!,🤮
We won!,🎉
Silly mood :(,😝
Sleepy :(,😪
Cheeky mood,😛
Tears are falling!!,😢
Meh... :(,😐
Extreme anger :(,🤬
Feeling bored :),😒
Being goofy,😝
I am feeling angry :),😠
Injured!,🤕
Fuming,😡
Health issues :(,😷
We won!!!,🎉
Allergies! :),🤧
So warm! :),🥵
"Feeling depressed,i am in depression :)",😔
Mad!!!,🤬
Sad day :),😔
Silly face!,😛
Feeling affectionate :(,❤️
Sick to stomach,🤢
Feeling bored,😒
Shocked! :),😲
Life is amazing,😄
This makes me mad,😠
"I need food,i am hungry",🤤
LOL :(,😂
Shocking!!,🤯
I am calm :(,😇
Temperature high :(,🤒
Silly face :),😛
Being playful!,😜
I feel loved :(,🥰
I can't!,😣
Curious about this :(,🤔
Sleeping :),😴
Funny face,😝
Silent,🤐
This is so sad!!,😢
Silent!,😶
So tired,😪
Sealed lips,🤐
Sleeping :),😴
Surprised :(,😲
Feeling cheeky!,😏
Feeling nauseous,🤢
Shocked silently,😶
Feeling ill!,🤧
Feeling sick :(,🤒
Silent!,😶
I am disappointed :(,😞
Tired :),😓
"ZZZ...,i am sleeping!",😴
Sly smile!!,😏
"So funny!,laugh,i am laughing",😂
Feeling relaxed!,😌
This is crazy!!,🤯
I can't eat!!,🤢
Uncomfortable :(,😖
Freezing!,🥶
I am scared :),😱
Shocked! :(,😲
Extreme anger!!,🤬
Feeling smug :),😏
Playful mood,😜
Unwell!,🤒
Life is amazing :(,😄
I love this meal!!,😋
Curious about this,🤔
Just joking :),😛
I feel miserable,😢
Feeling crazy,🤪
Embarrassed!,😳
Funny mood!,🤪
Eye roll :(,🙄
Sleepy!!,😪
Fuming!,😡
Yuck!!,🤢
Feeling ill!,😷
I am excited! :(,🎉
Neutral!,😐
Celebration time :(,🎉
I feel fantastic :),😄
Feeling relaxed :),😴
Nothing to say,😶
Silly and weird!!,🤪
So cold :(,🥶
I can't stop laughing!,😂
Shhh!,🤐
Feeling cheeky :),😏
Unwell,🤒
Hungry,🤤
Time to celebrate!!,🎉
Feeling weird,🥴
Party time! :(,🥳
Feeling stressed!!,😣
Feeling stressed!!,😓
So cold :(,🥶
Speechless!,😶
Hurt myself!,🤕
Freezing!,🥶
Feeling starstruck!,🤩
Playful mood,😜
Overworked!,😓
Cursing!!,🤬
"So funny!,laugh,i am laughing!!",😂
Mad!!,🤬
Feeling cheeky,😏
Birthday vibes :),🥳
So mad,😡
Not happy!,😔
This is crazy :),🤯
This is so sad :),😢
Shivering :(,🥶
Silly and weird!,🤪
Sniff sniff,🤧
I am heartbroken :(,😢
Indifferent!,😐
Recovery time!!,🤕
Sick to stomach :),🤢
Sneezing!!,🤧
Oh no!,😳
Feeling ill :),🤧
Feeling fun,😜
Feeling blessed,😇
Eye roll,🙄
Thinking... :(,🤔
Blushing :),😳
Shivering,🥶
This makes me mad,😠
Yummy food,😋
"Wow, incredible! :)",🤩
Feeling relieved!!,😌
Feeling ill :(,😷
Sneezing :(,🤧
Injured :),🤕
Furious!!,🤬
"Yay, so happy! :)",😄
Exhausted!,😓
Yucky! :(,🤮
Feeling cheeky :(,😏
Feeling blessed :(,😇
I can't eat :),🤢
Feeling bad :(,😖
Feeling romantic!!,🥰
Feeling blessed!!,😇
Shocked! :),😲
Silent :(,🤐
So innocent :),😇
I am frustrated :(,😤
I am furious :),😠
I am amazed!,🤩
Sweaty,🥵
Peaceful mind!!,😌
I can't,😣
Feeling overheated,🥵
I love this meal :(,😋
Cursing,🤬
I am thinking!!,🤔
Overworked!!,😓
Feeling angry :),😤
Overwhelmed :(,🤯
Feeling stressed!!,😓
Cannot handle this :(,🤮
I need warmth :(,🥶
Not impressed :),😒
Adore it!,❤️
This is hard!!,😣
Sweaty,🥵
Shocked silently :),😶
I love this meal!!,😋
Outraged!,🤬
"ZZZ...,i am sleeping :(",😴
Mind blown :),🤯
So tasty :(,😋
Fun time,😛
This is irritating,😤
Out of it!,🥴
Surprised!,😲
So soothing :(,😌
Wacky mood,🤪
Fever :(,🤒
I am thinking :(,🤔
Feeling romantic :(,🥰
Not happy!!,😔
I am scared :(,😱
No reaction :(,😐
Feeling stressed,😓
No words!!,😶
I feel hopeless :(,😞
Let's party tonight,🎉
Feeling bored :(,😒
Sniff sniff!!,🤧
Peaceful mind!!,😌
No words :),😶
So frustrating! :),😠
This is hard!,😣
So stressed!!,😖
This is disappointing!!,🙁
Exhausted :),😓
Sneezing :(,🤧
I am goofy!!,🤪
Just joking :(,😛
Caught off guard!!,😳
I am in love!!,❤️
Funny face :(,😝
Upset!!,😡
I can't believe it!!,🤯
Sealed lips :),🤐
No words,😶
Bandaged up!!,🤕
Feeling affectionate :),❤️
So innocent :(,😇
Fun time,😛
I am dizzy!,😵
Sad day :(,😔
So annoyed :(,😤
Mind spinning :),😵
Caught off guard!,😳
Feeling crazy!!,🤪
I am feeling angry :(,😠
Peaceful mind :),😌
Shivering!,🥶
So annoying :(,🙄
I can't believe it!!,😲
I want to nap :),😪
I feel hopeless!,😞
This is unfortunate,😞
Eye roll :),🙄
Wacky mood!,🤪
Yay!!!,🥳
Sealed lips!!,🤐
Feeling relaxed,😌
Crazy fun!!,😝
I can't believe it :),😲
Frustrated mood :),😒
Gross!!,🤮
Uncomfortable!!,😖
Delicious food!!,🤤
Feeling meh!,😐
I am disappointed!!,😞
Wacky mood!!,🤪
Need rest!!,🤒
So annoyed,😤
I can't stop laughing!,😂
Ugh... :(,😒
Vomiting,🤮
Annoyed :(,😖
Neutral,😐
Summer sun :(,🥵
Mouth watering :),🤤
This is shocking! :(,😱
I want to nap!,😪
Sneezing,🤧
Summer sun :(,🥵
This is irritating,😤
Feeling crazy!!,🤪
So tasty,😋
Hilarious!!,😂
Feeling affectionate!,❤️
I feel loved :(,🥰
So cool!!!,🤩
I am calm!!,😇
Feeling ill!!,🤧
Feeling down!,🙁
Time to celebrate :),🎉
Adore it! :),❤️
Not impressed :),🙄
Confused mood,🥴
This makes me mad!,😠
We won!!,🎉
Cannot handle this :),🤮
Mad! :),🤬
So affectionate!!,🥰
I am calm!!,😇
Ugh :(,🙄
Speechless,😶
Overworked,😓
Feeling romantic!,🥰
Feeling relieved,😌
Feeling ill!!,🤧
Delicious food :(,🤤
Sweaty!!,🥵
Mind blown :),🤯
So innocent!!,😇
Feeling bored!!,😒
Feeling ill!,😷
Sneezing,🤧
Sealed lips!,🤐
So tired :),😪
Time to celebrate,🎉
I am upset,😞
I feel miserable!,😢
Can't say,🤐
Feeling crazy,🤪
Silly mood :),😝
So cold!!,🥶
I am dizzy!!,😵
Feeling ill,🤧
Silent,😶
Recovery time!!,🤕
Not feeling well,😷
Feeling bad,😖
Feeling drowsy!!,😪
Feeling good!!,😇
So much love :),❤️
Need rest,🤒
Feeling cheeky,😏
Feeling stressed :),😣
I need warmth,🥶
Sniff sniff!!,🤧
This is crazy!,🤯
Peaceful day,😇
Sly smile :(,😏
Just kidding,😜
Feeling smug!,😏
Eye roll,🙄
Shivering :),🥶
Upset! :),😤
Upset!!!,😤
Feeling angry!,😤
Feeling stressed,😣
Funny face,😝
I want to nap :),😪
Feeling stressed,😣
Sly smile :),😏
Being playful!,😜
Shocking!,🤯
Unwell :),🤒
So tasty!!,😋
Feeling blessed!,😇
I am scared!!,😱
Feeling terrified,😱
Sad day,😔
So relaxed :(,😎
Mind blown,🤯
Unwell :(,🤒
Feeling relieved,😌
So tasty!!,😋
Hurt myself!,🤕
Feeling affectionate!!,❤️
That annoyed me :),😠
Feeling nauseous,🤢
Cursing,🤬
Furious!,🤬
Ugh...!!,😒
I feel fantastic!,😄
Wow! :),😲
So affectionate,🥰
Feeling relaxed :),😴
So tempting,🤤
So annoyed,😤
I am dizzy!!,😵
I am woozy!,🥴
Feeling relieved,😌
Funny face :),😝
I love this :(,❤️
I am disappointed!,😞
I feel miserable :(,😢
Almost asleep :(,😪
Freezing!!,🥶
I want to nap!,😪
Silly mood,😝
Meh... :(,😐
I am amazed,🤩
Feeling depressed!!,😞
Extreme anger :),🤬
I need warmth :),🥶
I am disappointed :(,😞
Feeling faint :(,😵
Upset!!!,😡
Sick!!,😷
Feeling terrified,😱
This makes me mad,😠
Feeling satisfied!,😋
Feeling sick :),🤮
Indifferent,😐
I feel bad,😔
Peaceful day :(,😇
Speechless :(,😶
Gross feeling!!,🤢
Adore it! :(,❤️
I am scared!!,😱
Out of it!!,🥴
I am furious,😠
Feeling ill :),😷
I am calm!,😇
Adore it! :),❤️
Just joking!,😛
Mad!,🤬
Playful!,😛
I am feeling down :(,😢
Feeling low,😞
This is hard!!,😣
Being goofy :),😝
I am woozy :(,🥴
"Feeling depressed,i am in depression!",😔
Temperature high :(,🤒
Funny mood,🤪
So mad,😡
Cheeky mood!!,😛
Feeling festive :(,🥳
This is so sad!,😢
Feeling wild!,😝
"Hmm, I wonder",🤔
Health issues :),😷
Dazed :(,😵
Meh... :(,😐
Feeling ill!!,😷
Feeling shy!,😳
"Wow, incredible!!",🤩
Can't say!,🤐
So stressed,😖
Time to celebrate :(,🎉
Feeling nauseous!,🤢
I am in love!!,❤️
Playful!,😛
I am feeling cool :(,😎
Party time!!,🥳
Unbelievable! :),😲
Cold symptoms,🤧
This makes me mad,😠
Furious :(,🤬
I feel loved :),🥰
Mind spinning :(,😵
Cursing!!,🤬
Peaceful mind :),😌
Feeling angry,😤
I am thinking :(,🤔
Feeling affectionate :(,❤️
Dreaming!,😴
Delicious!,😋
Sealed lips :(,🤐
Crazy fun,😝
Hilarious!,😂
"Wow, incredible! :)",🤩
Feeling bored :(,😒
Looking stylish!!,😎
Struggling!!,😣
Yuck!!,🤢
"Hmm, I wonder!",🤔
Feeling meh :(,😐
Sweating from stress :),😓
This is unfortunate,😞
Curious about this :(,🤔
Shhh!!,🤐
Health issues,😷
Not feeling well,😷
Vomiting!!,🤮
Feeling confident!!,😎
Not happy :(,😔
"ZZZ...,i am sleeping!!",😴
I can't believe it :(,🤯
Ouch! :(,🤕
Difficult situation!!,😣
Feeling ill!,😷
Fun time,😛
So tempting!!,🤤
Fun time!!,😛
So affectionate!,🥰
I love this meal,😋
Outraged!,🤬
I can't eat!,🤢
Peaceful mind!,😌
Feeling relieved :),😌
Gross,🤮
Sly smile!,😏
I am chill!,😎
Calm day :(,😌
"ZZZ...,i am sleeping!!",😴
I need warmth :),🥶
Injured!,🤕
Feeling nauseous!,🤢
Yuck! :(,🤢
Adore it!,❤️
Feeling nauseous :(,🤢
Speechless,😶
Birthday vibes!!,🥳
Upset! :),😡
Feeling meh :(,😐
Feeling bored,😒
I feel fantastic :),😄
Outraged :),🤬
Silent :),🤐
This is awesome :(,🤩
Feeling great!!,😄
I am upset :),😞
Feeling festive :),🥳
Health issues,😷
I am feeling cool :(,😎
I am frustrated :),😤
I am frustrated!!,😤
Not happy today,🙁
Sending love!,🥰
Cursing :(,🤬
Feeling meh!,😐
No reaction :(,😐
I feel sad!!,🙁
"I need food,i am hungry!",🤤
Feeling shy!,😳
Feeling starstruck :(,🤩
Feeling angry,😤
I love this :(,❤️
Exhausted!,😓
Funny face!!,😝
Thinking...,🤔
I can't eat,🤢
Shocked silently!!,😶
So tasty :(,😋
Party time!!!,🥳
I am amazed!,🤩
Feeling festive,🥳
Temperature high,🤒
Feeling nauseous!,🤢
This is so sad!,😢
I feel fantastic :),😄
I am excited! :),🎉
Funny mood!!,🤪
Sleepy!,😪
Yucky!!,🤮
So tired :),😪
Difficult situation!,😣
Feeling cheeky :),😏
Feeling smug!,😏
Not happy today :(,🙁
Dizzy :(,🥴
Ugh... :(,😒
Let's party tonight!!,🎉
Tired :),😓
I got this :(,😏
Thinking... :(,🤔
Feeling angry :),😤
I am heartbroken,😢
Feeling crazy,🤪
I am thinking :),🤔
Yuck!,🤢
So mad!,😡
Feeling meh :),😐
Annoyed,😒
Ugh... :),😒
Nothing to say!!,😶
Shocking!,🤯
Feeling cheeky :(,😏
So innocent :(,😇
I feel bad!,😔
Feeling wild :(,😝
LOL,😂
Tears are falling!,😢
Cannot handle this!!,🤮
Shocking! :(,🤯
Embarrassed :(,😳
Feeling nauseous :(,🤢
Annoyed,😖
Cursing!!,🤬
So tasty,😋
"Wow, incredible!",🤩
Outraged!,🤬
"Feeling depressed,i am in depression!!",😔
Shocking!!!,🤯
I need warmth!,🥶
Fever,🤒
Peaceful day!!,😇
Shivering!!,🥶
Sniff sniff :(,🤧
Funny face,😝
Feeling affectionate :(,❤️
Peaceful mind!!,😌
Being playful :),😜
I am upset!,😞
Sealed lips!!,🤐
So relaxed,😎
Mad! :),🤬
I want that!,🤤
I am dizzy!!,😵
Sick!!,😷
Almost asleep :),😪
Sly smile :),😏
Shocked! :(,😲
Fun time!!,😛
"Hmm, I wonder :(",🤔
So cold,🥶
Not happy :(,😔
Seriously? :(,🙄
Winter mood,🥶
So frustrating!!!,😠
I got this,😏
So innocent :),😇
I am dizzy :),😵
Cursing!!,🤬
Feeling angry :),😤
No reaction,😐
Just kidding :(,😜
This is hard!,😣
I am terrified,😱
I adore this!!,🥰
Sweaty :(,🥵
Freezing!!,🥶
I am thinking!,🤔
We won!!!,🎉
Not impressed :),😒
Sweating from stress,😓
I am scared :),😱
Surprised :(,😲
Celebration time!!,🎉
Feeling relaxed!!,😴
I am upset!!,😞
Confused mood!!,🥴
This is unfortunate!!,😞
Angry :(,😡
Not happy :(,😔
I feel hopeless!!,😞
Silly me :),😜
Can't say!!,🤐
Not feeling well :),😷
I am amazed,🤩
Not happy!,😔
Feeling blessed,😇
I am frustrated :),😤
Peaceful day :),😇
Let's celebrate :(,🥳
I am in love!,❤️
Sad day :(,😔
Feeling satisfied!,😋
This is shocking!!,😱
Shocked silently,😶
Birthday vibes!!,🥳
Ouch!,🤕
I feel bad!!,😔
Mad! :),🤬
Sick to stomach,🤢
I am woozy :(,🥴
Feeling starstruck!!,🤩
Exhausted :(,😓
Not happy today,🙁
Sleeping :(,😴
Silent :),🤐
So affectionate!,🥰
Dazed!,😵
So much love!,❤️
Hungry,🤤
Feeling romantic :),🥰
Feeling ill :),😷
Unbelievable!!,😲
I am feeling down,😢
Let's celebrate :(,🥳
Silent,🤐
Struggling!!,😣
Feeling depressed,🙁
Meh...,😐
I feel fantastic :(,😄
Dreaming :(,😴
Difficult situation!,😣
Cheeky mood,😛
Feeling depressed,😢
Hurt myself :(,🤕
No reaction :),😐
Keeping quiet :),🤐
I can't stop laughing :(,😂
Silent!!,🤐
I feel loved!,🥰
Feeling nauseous,🤢
So tempting :),🤤
Feeling weird!,🥴
Thinking... :(,🤔
I want that!,🤤
Annoyed :),😖
Not impressed :(,🙄
I am calm!,😇
Difficult situation!,😣
Party time! :),🥳
Feeling terrified :),😱
I am in love!!,❤️
Mouth watering!,🤤
Feeling stressed :),😓
Feeling sick!,🤮
Keeping quiet :(,🤐
Summer sun!!,🥵
We won!!,🎉
I am feeling angry :),😠
"Wow, incredible!!!",🤩
We won!!!,🎉
I am excited! :(,🎉
Feeling stressed!,😣
Upset! :),😤
Ugh...!,😒
So frustrating!!,😠
Injured :),🤕
I want to nap :),😪
So mad,😡
Sleeping :(,😴
This is disappointing!!,🙁
I need to figure it out!!,🤔
Feeling bad!!,😖
Bandaged up!!,🤕
Angry!,😡
Cheeky mood :(,😛
So affectionate,🥰
Feeling nauseous!,🤢
This is awesome,🤩
Frustrated :(,😖
Feeling affectionate :),❤️
Good night,😴
Health issues,😷
Feeling starstruck!!,🤩
I can't believe it :(,😲
Curious about this :(,🤔
Summer sun,🥵
Calm day!!,😌
This is hard,😣
Hilarious! :(,😂
Just kidding,😜
Overwhelmed :(,😵
I am chill,😎
I need warmth :(,🥶
Hilarious! :(,😂
Feeling bad,😖
Nothing to say!,😶
I am furious!,😠
So annoying!,🙄
I am furious,😠
I am dizzy :),😵
Not impressed :(,😒
Feeling shy :(,😳
I am terrified :),😱
Allergies!!!,🤧
I feel sad!,🙁
Looking stylish!!,😎
Feeling confident!!,😎
I want to nap!,😪
Yucky!!,🤮
Feeling relaxed :),😌
Yucky!!,🤮
So much love,❤️
"ZZZ...,i am sleeping!",😴
I am disappointed!!,😞
I am feeling down!,😢
I feel fantastic :(,😄
Fever :),🤒
This is awesome :(,🤩
Mind blown!!,🤯
"I need food,i am hungry :)",🤤
We won!,🎉
I am feeling cool :(,😎
Sweating from stress,😓
I feel fantastic :),😄
Feeling ill,🤧
Annoyed!!,😒
Dizzy!!,🥴
LOL!!,😂
"Wow, incredible!!",🤩
"ZZZ...,i am sleeping :(",😴
Surprised :(,😲
Annoyed,😒
Delicious! :(,😋
Feeling nauseous :(,🤢
Extreme anger :(,🤬
Feeling confident!,😎
Funny mood,🤪
Keeping quiet :(,🤐
Sweating from stress :),😓
Outraged!,🤬
So tempting,🤤
I am scared!,😱
I am amazed,🤩
Shivering!!,🥶
Confused mood :(,🥴
Being goofy,😝
This is hard!,😣
Feeling romantic :(,🥰
I am furious!,😠
I am feeling angry!!,😠
I am goofy!,🤪
Eye roll!,🙄
Blushing :(,😳
Feeling ill :(,😷
Feeling romantic!,🥰
Adore it!!,❤️
I am thinking!!,🤔
Sleeping,😴
Cold symptoms!!,🤧
Seriously?!,🙄
Feeling meh :),😐
Cursing :),🤬
So tasty!!,😋
Feeling relieved!,😌
Life is amazing :),😄
I want to nap!,😪
Almost asleep :(,😪
Feeling festive!,🥳
Yucky!!,🤮
Cannot handle this!,🤮
Party time!!!,🥳
Shivering :(,🥶
Delicious food!,🤤
Not feeling well,😷
Sick to stomach :),🤢
"Hmm, I wonder :)",🤔
Birthday vibes,🥳
I feel hopeless :(,😞
Feeling ill!,😷
This is awesome,🤩
Ugh...!,😒
I can't stop laughing,😂
I am furious!!,😠
I feel sad :(,🙁
Recovery time!,🤕
Overworked!,😓
Uncomfortable!,😖
Feeling satisfied :(,😋
Being goofy :(,😝
Allergies! :(,🤧
Annoyed :(,😒
I can't stop laughing!!,😂
I am terrified!,😱
Playful mood :(,😜
Feeling shy :),😳
So relaxed!!,😎
Feeling sick!!,🤒
I can't believe it!,😲
This is scary! :),😱
So soothing :),😌
Feeling blessed,😇
Cursing,🤬
I can't believe it,🤯
Shocked!!,😲
Feeling relaxed!,😴
Bandaged up :(,🤕
Need rest!!,🤒
So much love,❤️
So soothing :),😌
Annoyed,😒
Feeling sick!!,🤮
I can't stop laughing!!,😂
Health issues :),😷
Time to celebrate :),🎉
Shhh!!!,🤐
This is hard :(,😣
Fun time :(,😛
Peaceful mind,😌
Thinking...!!,🤔
Feeling weird :),🥴
Being goofy :(,😝
"Feeling depressed,i am in depression",😔
Time to celebrate,🎉
Peaceful day!!,😇
Uncomfortable!,😖
I can't stop laughing :),😂
No words!,😶
This makes me mad!,😠
I want that,🤤
Mind spinning,😵
Neutral!!,😐
So relaxed!,😎
Just kidding :),😜
Sweating from stress!,😓
I need warmth!,🥶
I can't eat :(,🤢
I love this,❤️
Feeling stressed :(,😣
Unbelievable!,😲
This is scary! :),😱
Tears are falling :),😢
Flu symptoms!,😷
Upset! :(,😤
I love this meal :(,😋
Vomiting!!,🤮
Feeling sick,🤒
Fever :),🤒
I need warmth :),🥶
So soothing :(,😌
Overworked :),😓
Tired,😓
Feeling stressed :),😣
Feeling down!!,🙁
Feeling shy!!,😳
Feeling relieved,😌
Recovery time!!,🤕
No reaction!!,😐
Silly mood :),😝
So annoyed!,😤
Feeling meh :),😐
Silent!,🤐
Birthday vibes!,🥳
Feeling terrible,😢
I am so happy today :(,😄
Mind spinning :(,😵
Birthday vibes!,🥳
Hot!!,🥵
Silly mood :),😝
Outraged :),🤬
Feeling relieved :(,😌
Frustrated!,😡
That was funny :),😂
That was funny!,😂
Feeling great :),😄
Feeling overheated :),🥵
I am excited! :(,🎉
Surprised :),😲
Sweating from stress :(,😓
Sending love :),🥰
I feel loved!!,🥰
Shivering!,🥶
Time to celebrate :),🎉
Sly smile,😏
Tears are falling :(,😢
Sweaty :(,🥵
Flu symptoms :),😷
Speechless!!,😶
No words,😶
Peaceful mind :),😌
Surprised!,😲
Not feeling well!!,😷
I can't,😣
Silly mood :),😝
Playful!,😛
Unhappy with this!!,🙁
Playful :),😛
I can't stop laughing :),😂
Feeling fun!!,😜
Not impressed!!,🙄
Being goofy!,😝
Sick to stomach!,🤢
"Wow, incredible! :(",🤩
Gross :),🤮
I am terrified :),😱
"ZZZ...,i am sleeping",😴
Out of it!!,🥴
Playful mood!!,😜
Feeling starstruck!!,🤩
I am terrified!,😱
Good night,😴
Not feeling well!!,😷
This is disappointing!,🙁
Caught off guard!!,😳
So much love!,❤️
Wow! :(,😲
Feeling blessed :(,😇
Mouth watering!!,🤤
Dreaming :(,😴
Mad! :),🤬
Hot!!,🥵
So warm!,🥵
Exhausted :(,😓
Feeling fun!!,😜
Overwhelmed :(,🤯
Difficult situation!,😣
Cursing!,🤬
So mad!,😡
Feeling festive :),🥳
Looking stylish,😎
"Hmm, I wonder!",🤔
Celebration time!,🎉
I can't eat :(,🤢
I am disappointed,😞
"Feeling depressed,i am in depression",😔
Peaceful day,😇
Feeling faint :),😵
So annoyed :),😤
No reaction!,😐
Ugh... :(,😒
I am frustrated,😤
Winter mood!!,🥶
Mind spinning!,😵
So relaxed,😎
Feeling depressed!,🙁
Out of it :),🥴
"So funny!,laugh,i am laughing!!",😂
So much love!,❤️
Funny face :(,😝
Curious about this!!,🤔
Bandaged up :(,🤕
Unbelievable!,😲
Flu symptoms :),😷
I am upset,😞
I want to nap :(,😪
So relaxed :(,😎
Being playful!,😜
I am chill :(,😎
LOL :),😂
Sleeping!,😴
Mouth watering :(,🤤
Hilarious!!,😂
"Wow, incredible! :)",🤩
Feeling confident,😎
Silly face :),😛
Sly smile :),😏
Overworked :(,😓
Confused mood!!,🥴
I feel sad :(,🙁
Health issues,😷
Funny face :(,😝
I feel fantastic :(,😄
Blushing!,😳
I need warmth!!,🥶
Just kidding!!,😜
I feel fantastic :(,😄
I feel bad,😔
I am feeling angry,😠
Hilarious!!!,😂
Feeling confident :(,😎
Shocked! :),😲
"Yay, so happy!!!",😄
Adore it! :),❤️
So soothing :(,😌
Feeling fun :(,😜
Vomiting :),🤮
Sneezing!!,🤧
Surprised :),😲
I am in love!!,❤️
So stressed!!,😖
Sad day!,😔
Sneezing!,🤧
Silent,😶
Confused mood,🥴
Silly and weird!!,🤪
So tempting,🤤
Feeling down!,😔
Feeling wild,😝
Tired,😓
Sly smile :),😏
Dizzy!!,🥴
I love this meal!,😋
Need rest!,🤒
Indifferent!!,😐
I am upset :),😞
Overwhelmed :),😵
Feeling sick!,🤮
So frustrating!,😠
So annoyed :),😤
Silly face :),😛
I feel bad!,😔
Feeling sick!!,🤒
Unbelievable!,😲
Uncomfortable :),😖
Being playful :(,😜
Sweaty!!,🥵
Upset!!!,😤
Feeling starstruck,🤩
I feel sad!!,🙁
Sleepy!!,😪
I need to figure it out :),🤔
Cursing!,🤬
Ugh :),🙄
Frustrated :),😡
I am excited! :(,🎉
This is scary!!,😱
Feeling relieved :(,😌
Cannot handle this,🤮
Curious about this,🤔
So annoying :),🙄
Being playful!,😜
Fun time :(,😛
Meh... :(,😐
Overwhelmed :(,🤯
Playful!,😛
Feeling overheated!,🥵
Feeling smug!,😏
Annoyed :),😒
Feeling starstruck!,🤩
Outraged :(,🤬
Shocking!!,🤯
Feeling stressed :),😓
Birthday vibes!,🥳
Embarrassed :),😳
Calm day :(,😌
Feeling crazy :(,🤪
I feel loved :),🥰
Sly smile :(,😏
Feeling overheated,🥵
I want that,🤤
No words!,😶
Dazed :),😵
Exhausted :),😓
Let's celebrate!!,🥳
Feeling terrified,😱
Sniff sniff!,🤧
So innocent,😇
Sweaty :(,🥵
Crazy fun!,😝
So mad :),😡
I can't believe it,🤯
Feeling relaxed!!,😴
This is shocking! :(,😱
I am so happy today!,😄
Uncomfortable,😖
I got this :),😏
Cold symptoms,🤧
Winter mood :),🥶
So much love!!,❤️
Yummy food,😋
So tempting!!,🤤
Shocked silently,😶
Not happy today :),🙁
Feeling overheated!!,🥵
Feeling meh,😐
So warm!,🥵
Hungry!!,🤤
Need rest!,🤒
Annoyed,😖
"So funny!,laugh,i am laughing",😂
Frustrated :),😡
Feeling meh,😐
Neutral :),😐
I feel hopeless!,😞
Feeling stressed!,😓
I am upset!!,😞
Upset! :),😤
Frustrated :(,😖
Temperature high :(,🤒
Delicious!!!,😋
Uncomfortable,😖
Eye roll,🙄
I can't eat,🤢
Need rest,🤒
"So funny!,laugh,i am laughing :(",😂
So mad!!,😡
Mind spinning :(,😵
Feeling bored!!,😒
So sad :),😞
I need to figure it out!,🤔
"So funny!,laugh,i am laughing!!",😂
Sweating from stress!,😓
This is awesome :),🤩
Annoyed :),😒
Celebration time,🎉
Feeling bad :),😖
No reaction!!,😐
I am in love :),❤️
I love this!!,❤️
Sending love :),🥰
Tired!,😓
So soothing :(,😌
I am in love!,❤️
So tired!,😪
Health issues :),😷
Disappointed!,😔
Indifferent,😐
Delicious!!!,😋
Feeling overheated!!,🥵
Dreaming :(,😴
I am calm :(,😇
So relaxed,😎
Sick to stomach :),🤢
Freezing,🥶
This is crazy!!,🤯
This is so sad,😢
I want to nap,😪
Not feeling well,😷
I feel hopeless :),😞
Feeling drowsy,😪
So affectionate :(,🥰
Embarrassed :),😳
I am feeling angry,😠
Ouch! :(,🤕
Disappointed :(,😔
Feeling sick,🤮
Sweaty!,🥵
I feel hopeless!,😞
I am disappointed!!,😞
Shocked!,😲
Feeling bored,😒
Feeling drowsy :(,😪
I can't stop laughing :),😂
I need to figure it out!!,🤔
Gross,🤮
So stressed!,😖
Feeling great :),😄
Feeling faint :(,😵
Not happy!!,😔
Thinking...,🤔
Silly mood!!,😝
Feeling shy,😳
So cool!!!,🤩
Fun time :),😛
Feeling starstruck,🤩
Yummy food!,😋
Dizzy :),🥴
Sleeping :),😴
I am excited!,🎉
Sweaty!!,🥵
Life is amazing!,😄
Feeling smug :(,😏
Ouch! :),🤕
Ugh :),🙄
Peaceful day!!,😇
Thinking...!,🤔
Feeling weird :(,🥴
So annoyed :),😤
Neutral :(,😐
Sniff sniff,🤧
Hungry!!,🤤
Hilarious!!!,😂
Frustrated!,😖
So tasty!!,😋
Feeling affectionate,❤️
Not feeling well,😷
Feeling drowsy :(,😪
Eye roll,🙄
Sweating from stress!,😓
Let's party tonight!,🎉
Gross :),🤮
This is awesome!!,🤩
Feeling terrified,😱
Yay!!!,🥳
Feeling ill,🤧
So frustrating!!,😠
Sweaty!!,🥵
This is crazy :),🤯
Frustrated mood,😒
Unhappy with this,🙁
I am chill :(,😎
I am amazed :),🤩
Sneezing!,🤧
Feeling smug :),😏
Freezing!,🥶
This is unfortunate :(,😞
I want to nap!,😪
Sweaty!!,🥵
I got this :(,😏
Feeling relaxed :),😌
Mind blown!,🤯
I know something!,😏
Blushing,😳
Let's party tonight,🎉
Feeling low,😞
I am feeling down :),😢
"So funny!,laugh,i am laughing",😂
This is hard :(,😣
Feeling terrible!,😢
Dazed!!,😵
Disappointed :),😔
Sad day :),😔
Wacky mood!,🤪
Sweating from stress!,😓
Outraged!,🤬
Feeling stressed,😓
Yucky!!!,🤮
Health issues :),😷
Silly and weird :(,🤪
Feeling depressed!!,😢
This makes me mad :(,😠
So tired :),😪
Feeling romantic,🥰
Eye roll :),🙄
Nothing to say :(,😶
Speechless!,😶
Mind spinning :(,😵
Blushing!,😳
Feeling drowsy!!,😪
Feeling festive :),🥳
Upset!!!,😡
Feeling stressed,😣
Peaceful day :(,😇
Feeling fun,😜
I am feeling down,😢
Exhausted!!,😓
I am chill,😎
I am amazed!,🤩
I know something!!,😏
Out of it :),🥴
Tired :),😓
Being playful :(,😜
Feeling faint!!,😵
Feeling stressed :(,😓
LOL :),😂
Gross!,🤮
Dizzy!,🥴
Just joking :),😛
I am calm!!,😇
Feeling pain!!,🤕
Unbelievable!!!,😲
Birthday vibes!,🥳
I am dizzy!,😵
Not impressed!!,🙄
I feel miserable!,😢
I can't!!,😣
Feeling bored!,😒
So cold :),🥶
Hungry!!,🤤
Can't say!,🤐
Yuck! :(,🤢
Not feeling well,😷
Dizzy :),🥴
Birthday vibes,🥳
So tired :),😪
LOL :(,😂
Seriously? :(,🙄
Not impressed :),😒
Sweaty :(,🥵
Can't say :(,🤐
"ZZZ...,i am sleeping",😴
Gross :(,🤮
Speechless :),😶
This is scary!!,😱
Sleeping :(,😴
Not happy :),😔
Feeling confident!,😎
I am heartbroken :(,😢
Feeling affectionate!!,❤️
Wacky mood :(,🤪
Peaceful mind,😌
I want to nap!!,😪
Feeling cheeky!!,😏
Shhh! :),🤐
Mouth watering,🤤
Let's party tonight :),🎉
Almost asleep!,😪
I need to figure it out :(,🤔
Thinking...!!,🤔
Sweaty!,🥵
Sealed lips :(,🤐
Let's celebrate :(,🥳
I am goofy,🤪
So tempting :(,🤤
Sweaty :(,🥵
Feeling faint :(,😵
Fuming!,😡
Nothing to say!,😶
This is scary!,😱
Feeling down :),🙁
Dazed :),😵
Out of it :(,🥴
Can't say!,🤐
Funny mood :(,🤪
Confused mood,🥴
"Hmm, I wonder!!",🤔
Feeling starstruck,🤩
Fun time!!,😛
Upset!,😡
This is so sad!!,😢
Neutral!!,😐
Confused mood!!,🥴
This is irritating :(,😤
Health issues!,😷
Feeling terrified :),😱
Feeling down!,🙁
That annoyed me :),😠
Frustrated!,😖
Let's party tonight,🎉
Silly mood :),😝
Silly mood!,😝
Hurt myself,🤕
Shocked silently,😶
Nothing to say!!,😶
Celebration time :(,🎉
Almost asleep!!,😪
I am goofy!!,🤪
Upset! :),😤
Ouch!!,🤕
Ugh :),🙄
Silly face,😛
Health issues!!,😷
"ZZZ...,i am sleeping",😴
Feeling satisfied,😋
Extreme anger!,🤬
"Yay, so happy!",😄
Being goofy,😝
I am disappointed,😞
Feeling relaxed :),😴
This is crazy :(,🤯
Funny face!,😝
Meh...!,😐
Sweating from stress!,😓
Looking stylish!!,😎
I am upset!,😞
Annoyed,😖
Keeping quiet!!,🤐
Feeling meh,😐
Surprised,😲
Feeling down :(,😔
I can't believe it :),😲
This is irritating,😤
This is shocking!,😱
I am furious!!,😠
This is hard :(,😣
Feeling relaxed!,😴
So warm! :(,🥵
Mad! :),🤬
Struggling :(,😣
Shhh!!!,🤐
Not impressed :),🙄
This is shocking!!!,😱
Wacky mood :(,🤪
Yucky! :(,🤮
Seriously?!,🙄
Feeling stressed!!,😓
Overworked!,😓
Sniff sniff,🤧
Sweaty :),🥵
Almost asleep!!,😪
Shocked silently!!,😶
Party time!!!,🥳
"Wow, incredible!!",🤩
Feeling fun,😜
Silly and weird :(,🤪
Neutral :),😐
This is hard,😣
Blushing!!,😳
Uncomfortable :),😖
Out of it :(,🥴
Temperature high!,🤒
I am feeling down,😢
Upset!!,😡
Crazy fun!!,😝
Embarrassed,😳
Sleepy!,😪
Yummy food :),😋
This is disappointing!,🙁
Gross!,🤮
Hilarious!!!,😂
Dizzy,🥴
Feeling relieved,😌
I can't eat!,🤢
This is scary! :(,😱
I am disappointed!!,😞
Annoyed!!,😒
Time to celebrate,🎉
"So funny!,laugh,i am laughing",😂
Indifferent :),😐
"Hmm, I wonder :(",🤔
Uncomfortable :),😖
Feeling bored!,😒
Keeping quiet :),🤐
Unwell :(,🤒
Feeling good!,😇
Feeling smug!,😏
So mad,😡
Not impressed,🙄
I feel fantastic :),😄
Confused mood!!,🥴
Caught off guard!,😳
Mad!!,🤬
I can't eat,🤢
Celebration time :(,🎉
So affectionate :),🥰
I want to nap,😪
So cold,🥶
Sweaty,🥵
I can't believe it,😲
Sad day :(,😔
So soothing,😌
Fuming :),😡
Shocking!!,🤯
Looking stylish!,😎
Upset!!!,😤
Caught off guard :),😳
Not happy today!,🙁
This is awesome!,🤩
Dizzy!!,🥴
Funny face!,😝
I want that!,🤤
Annoyed :),😒
Feeling overheated :(,🥵
Sealed lips,🤐
Thinking... :),🤔
Wow! :(,😲
Birthday vibes!!,🥳
Feeling blessed!!,😇
Bandaged up :(,🤕
Feeling bad :),😖
Annoyed :),😖
I am frustrated!,😤
Overwhelmed!,🤯
Sealed lips :(,🤐
Unhappy with this!!,🙁
This is so sad,😢
Delicious food,🤤
I am feeling cool!!,😎
Feeling faint,😵
I am dizzy!,😵
Hungry :),🤤
Feeling down,😔
Feeling nauseous!!,🤢
Cheeky mood!,😛
Need rest!,🤒
Confused mood!!,🥴
Meh...!,😐
Feeling overheated!,🥵
Keeping quiet,🤐
Overworked!,😓
Outraged!,🤬
Feeling starstruck,🤩
Fuming,😡
I am scared!,😱
Uncomfortable :),😖
Playful!!,😛
Silly mood :),😝
Wow!,😲
I am feeling cool :(,😎
Upset! :),😤
Unwell,🤒
Birthday vibes :),🥳
Looking stylish,😎
Feeling sick!,🤒
Feeling crazy :(,🤪
Shivering,🥶
Sweaty!,🥵
This is hard!!,😣
Feeling low :(,😞
Confused mood!,🥴
Disappointed,😔
This is shocking!!,😱
Feeling faint :(,😵
I am dizzy!,😵
So innocent!,😇
"I need food,i am hungry :)",🤤
I am feeling down!!,😢
Mind spinning,😵
No words :(,😶
Frustrated mood,😒
Feeling blessed!,😇
Speechless :),😶
I feel bad,😔
I can't believe it!,😲
Feeling festive,🥳
So stressed :(,😖
I am excited! :(,🎉
"ZZZ...,i am sleeping",😴
Silly mood!!,😝
Flu symptoms :),😷
Good night!!,😴
"Yay, so happy! :)",😄
Wacky mood :(,🤪
So frustrating! :),😠
Shocking! :(,🤯
I am amazed :(,🤩
So stressed!!,😖
Annoyed!!,😒
Feeling terrible :),😢
Feeling weird :(,🥴
I am amazed!,🤩
I am woozy :),🥴
Feeling terrible!!,😢
Hilarious! :),😂
Funny face!,😝
Feeling great!,😄
This is shocking!,😱
So tasty,😋
Indifferent!,😐
Caught off guard!!,😳
LOL,😂
Feeling ill :(,🤧
Shocked! :),😲
Hurt myself!,🤕
Party time!!!,🥳
"Hmm, I wonder :)",🤔
I am frustrated,😤
Caught off guard,😳
I am goofy,🤪
Fuming :(,😡
Yay! :(,🥳
So relaxed :),😎
Party time!,🥳
Frustrated!!,😡
Winter mood!!,🥶
I can't believe it,🤯
Hungry :(,🤤
Ugh... :(,😒
I can't believe it!,😲
Frustrated mood!!,😒
I am so happy today :),😄
I am terrified :(,😱
Overwhelmed!!,🤯
Party time!!,🥳
Difficult situation!,😣
Indifferent!,😐
So much love :),❤️
I can't :(,😣
Need rest,🤒
Good night,😴
Struggling,😣
That was funny!,😂
Frustrated!!,😡
Furious,🤬
Unwell!!,🤒
Feeling angry!!,😤
Exhausted!,😓
I am frustrated!!,😤
Yummy food :),😋
Sniff sniff!!,🤧
Extreme anger :(,🤬
Dazed!,😵
Feeling great :(,😄
So sad :(,😞
Speechless :),😶
I feel sad,🙁
Feeling overheated :(,🥵
I am woozy :),🥴
Uncomfortable :),😖
Winter mood,🥶
I feel hopeless :),😞
Freezing!,🥶
Shivering :),🥶
Good night!!,😴
Feeling smug :(,😏
Just joking!!,😛
Playful mood,😜
Mouth watering :(,🤤
Can't say :(,🤐
That annoyed me :(,😠
Feeling down!,🙁
Sick to stomach :(,🤢
Ugh!!,🙄
Feeling relaxed :),😌
Eye roll!,🙄
No reaction!,😐
Neutral,😐
Silent :(,😶
Feeling terrible :),😢
I am calm!!,😇
"Wow, incredible! :(",🤩
Overworked!,😓
I got this :(,😏
Feeling relieved!!,😌
Feeling shy :),😳
This is irritating :(,😤
LOL :(,😂
I am thinking!!,🤔
Eye roll :(,🙄
Sweating from stress,😓
I am amazed :),🤩
Gross feeling!,🤢
I feel bad :),😔
Peaceful mind :),😌
Feeling fun!!,😜
Feeling drowsy,😪
I am heartbroken!!,😢
Mind blown,🤯
So cool!,🤩
Party time!!!,🥳
Frustrated!!,😡
I can't believe it :),😲
So innocent!,😇
"Wow, incredible!!",🤩
Feeling meh,😐
I am excited! :(,🎉
Feeling stressed :),😣
That annoyed me :),😠
Delicious! :(,😋
So much love,❤️
I can't eat :),🤢
This is disappointing!!,🙁
Shhh!,🤐
Feeling romantic!,🥰
So sad!,😞
Feeling relaxed :(,😴
Feeling starstruck :(,🤩
Feeling good :(,😇
"Wow, incredible!!!",🤩
Not impressed!!,🙄
I am furious,😠
Party time! :(,🥳
Silent!,🤐
This is so sad!,😢
Fever :),🤒
I feel sad!!,🙁
Feeling angry!,😤
Peaceful mind!,😌
So annoying!,🙄
Exhausted :),😓
"So funny!,laugh,i am laughing!!",😂
"Yay, so happy!",😄
Fever!,🤒
Mouth watering!!,🤤
This is scary! :(,😱
Looking stylish!,😎
Feeling festive,🥳
Fun time,😛
Feeling great :(,😄
Not impressed!!,😒
Exhausted :),😓
Ugh...,😒
Blushing!!,😳
Cursing,🤬
I am scared,😱
Hot :(,🥵
Overwhelmed!,😵
Yummy food!!,😋
Ugh... :(,😒
Feeling wild :),😝
Frustrated!,😡
"So funny!,laugh,i am laughing!",😂
So soothing,😌
This makes me mad :(,😠
Keeping quiet!!,🤐
Sniff sniff!!,🤧
Feeling relieved,😌
I am dizzy :),😵
This is irritating :(,😤
I need to figure it out!,🤔
Caught off guard!,😳
Cursing :),🤬
Extreme anger :),🤬
Feeling affectionate,❤️
Just kidding!!,😜
Silent,😶
I can't eat :),🤢
Ugh!!,🙄
This is hard :),😣
Meh... :(,😐
This is irritating,😤
Shocked silently :),😶
Sick to stomach!,🤢
This is hard!,😣
Life is amazing!!,😄
Speechless!,😶
Not impressed,🙄
So soothing :),😌
Overwhelmed :),🤯
Celebration time!,🎉
Thinking... :(,🤔
Feeling terrible!!,😢
Not happy today!,🙁
Feeling faint :),😵
I want to nap :),😪
Unbelievable! :),😲
Delicious!!,😋
Surprised,😲
Sending love,🥰
Feeling crazy!!,🤪
Gross feeling!!,🤢
I am terrified :(,😱
Annoyed,😒
Yuck! :),🤢
So tired :(,😪
Shocking! :(,🤯
Being playful,😜
Furious!!,🤬
Playful mood :),😜
"Yay, so happy! :)",😄
So innocent,😇
Feeling low,😞
Temperature high!!,🤒
Fun time!!,😛
Mad!,🤬
Oh no! :),😳
Feeling cheeky :),😏
Feeling stressed,😣
Feeling ill!!,😷
No words :),😶
Upset!!!,😡
I adore this!,🥰
Dreaming :),😴
I want to nap!,😪
I know something!!,😏
So innocent :(,😇
Time to celebrate :(,🎉
Dizzy!,🥴
I feel miserable :),😢
Mad!,🤬
Eye roll,🙄
Feeling crazy!!,🤪
So relaxed :),😎
This is disappointing!!,🙁
"Yay, so happy!",😄
That annoyed me!,😠
Shivering :),🥶
Fuming!,😡
"ZZZ...,i am sleeping!",😴
Oh no!!!,😳
Life is amazing,😄
I want that :(,🤤
Thinking...!!,🤔
Feeling faint,😵
I feel fantastic!!,😄
I am calm!,😇
I feel fantastic!,😄
This is hard :(,😣
Delicious! :),😋
I want to nap!!,😪
Feeling relieved :(,😌
Silent!,🤐
Feeling down!!,😔
So annoyed!,😤
"Yay, so happy!!",😄
Feeling drowsy :(,😪
This makes me mad :(,😠
Sad day!,😔
Feeling bad!,😖
Being goofy,😝
Hot!,🥵
Feeling weird :(,🥴
Feeling low!,😞
Vomiting :(,🤮
Silly mood!,😝
I am in love!,❤️
Looking stylish :(,😎
I want that!!,🤤
Feeling cheeky :),😏
Feeling drowsy!!,😪
Sweaty :(,🥵
I love this meal :),😋
Sick :(,😷
Cursing :),🤬
I am upset :(,😞
Struggling :(,😣
Life is amazing :),😄
That was funny :(,😂
Feeling bad :),😖
Feeling affectionate,❤️
Silly face!!,😛
Flu symptoms!,😷
Allergies!!,🤧
Feeling confident,😎
Funny mood :(,🤪
Frustrated!,😡
Cannot handle this :),🤮
Sending love!,🥰
Annoyed :),😖
Meh... :(,😐
Summer sun!!,🥵
Being goofy!!,😝
Silent!!,😶
Feeling smug!!,😏
Eye roll,🙄
Embarrassed :(,😳
Feeling meh :),😐
Peaceful mind :(,😌
So soothing :(,😌
No words!,😶
Temperature high!,🤒
This is disappointing :),🙁
Feeling affectionate!!,❤️
I feel fantastic :(,😄
Furious :(,🤬
Annoyed,😒
Health issues!!,😷
Not happy today!!,🙁
Sending love!,🥰
Feeling terrible :(,😢
I am disappointed!!,😞
No words :),😶
Sad day :(,😔
Dazed :(,😵
Injured :(,🤕
Feeling terrified,😱
This is crazy :),🤯
I am woozy!,🥴
Feeling ill,😷
Sleeping!!,😴
Good night,😴
So tasty :(,😋
Silly me,😜
This is disappointing!,🙁
Annoyed,😒
I am frustrated,😤
Crazy fun,😝
Confused mood!,🥴
Bandaged up,🤕
"ZZZ...,i am sleeping!!",😴
We won! :(,🎉
Feeling wild!!,😝
Thinking...!!,🤔
Being playful :),😜
I got this :),😏
Feeling smug :(,😏
I know something :(,😏
Just joking,😛
Feeling starstruck,🤩
Peaceful mind :),😌
Feeling depressed :),😢
No reaction :(,😐
Meh...,😐
Feeling shy!,😳
Almost asleep!!,😪
Feeling pain :),🤕
Mouth watering :(,🤤
Allergies! :),🤧
Feeling angry :(,😤
Playful mood :(,😜
Mouth watering!,🤤
This is awesome :(,🤩
Feeling affectionate,❤️
Feeling wild!,😝
So warm!,🥵
Yummy food!!,😋
I can't eat :(,🤢
Not impressed :),🙄
I feel miserable :(,😢
So tempting :),🤤
I am upset!!,😞
Gross feeling!,🤢
Unhappy with this :),🙁
I need to figure it out,🤔
Feeling crazy :(,🤪
Frustrated,😡
Shocking!,🤯
Fever :(,🤒
Feeling starstruck :(,🤩
Not happy today :(,🙁
Need rest :),🤒
Tired!!,😓
So soothing!,😌
Shivering :),🥶
Silly me,😜
Eye roll!!,🙄
Feeling down :(,🙁
I adore this :(,🥰
Feeling down :),😔
Just joking :),😛
Tired,😓
Extreme anger!!,🤬
This is so sad!,😢
Feeling relaxed :(,😌
Feeling starstruck!!,🤩
Feeling romantic :),🥰
Peaceful day :(,😇
Looking stylish!!,😎
Shocking!!!,🤯
Disappointed :(,😔
Exhausted!,😓
Feeling good :(,😇
I am dizzy,😵
Can't say!,🤐
I am feeling cool!!,😎
Feeling fun :),😜
I am so happy today!,😄
Thinking...!!,🤔
Feeling weird,🥴
Dazed :(,😵
I am so happy today!!,😄
Hilarious! :(,😂
Feeling depressed :),🙁
"So funny!,laugh,i am laughing :(",😂
Yummy food,😋
Overwhelmed,😵
I am so happy today!,😄
Silly mood,😝
I am chill!,😎
Upset! :),😡
"Wow, incredible! :)",🤩
This is shocking!!!,😱
Blushing!!,😳
Caught off guard!,😳
Allergies! :),🤧
Overworked!,😓
Sweating from stress!!,😓
I am disappointed :),😞
Yay! :),🥳
That annoyed me!,😠
Feeling blessed!!,😇
Playful mood,😜
Feeling pain,🤕
Feeling depressed!!,🙁
Thinking...!!,🤔
Eye roll,🙄
I am dizzy,😵
Mad!,🤬
So soothing!,😌
Birthday vibes :),🥳
Sniff sniff,🤧
Frustrated mood :),😒
I am dizzy!,😵
Eye roll :),🙄
Funny face :(,😝
Fever!!,🤒
I am dizzy!,😵
I am feeling cool,😎
Overwhelmed,🤯
Feeling relieved :(,😌
Just kidding :(,😜
Feeling stressed :),😓
Unwell :),🤒
I am thinking :),🤔
Unwell :(,🤒
Feeling sick,🤮
Gross feeling,🤢
I am woozy!,🥴
Feeling cheeky!,😏
Silly mood!,😝
I am amazed :),🤩
Cheeky mood :),😛
Mind spinning!!,😵
Birthday vibes,🥳
Feeling pain!!,🤕
Temperature high!,🤒
I feel bad :),😔
Almost asleep :),😪
Feeling ill!,😷
I am feeling angry :(,😠
Just joking!,😛
Not impressed :),🙄
Yummy food!!,😋
Flu symptoms,😷
This is awesome!!,🤩
Dreaming,😴
Let's celebrate!,🥳
So affectionate,🥰
Silly mood!!,😝
Overwhelmed,😵
Allergies! :(,🤧
Hungry :),🤤
Meh... :),😐
Peaceful mind :),😌
Let's celebrate,🥳
No words :(,😶
Unhappy with this,🙁
Feeling blessed :),😇
I can't eat!!,🤢
Let's party tonight,🎉
I need to figure it out!,🤔
I can't stop laughing,😂
"Feeling depressed,i am in depression!",😔
Birthday vibes :),🥳
Ugh!,🙄
Ugh!,🙄
Surprised :(,😲
So tired!!,😪
Feeling satisfied!,😋
"I need food,i am hungry :)",🤤
So tired!!,😪
I adore this :(,🥰
Sly smile :),😏
Sweaty :(,🥵
Mind spinning!,😵
I feel fantastic,😄
Silent!,😶
Frustrated mood :),😒
Fever!!,🤒
Feeling overheated,🥵
I feel fantastic!,😄
No words :(,😶
Not impressed :(,🙄
Oh no!!,😳
I am terrified,😱
Feeling bored,😒
Cannot handle this!!,🤮
So affectionate,🥰
I am frustrated!!,😤
Cursing :(,🤬
Feeling drowsy :),😪
Fever :),🤒
Unbelievable! :),😲
I need to figure it out :(,🤔
Feeling ill,😷
So frustrating!,😠
Flu symptoms :(,😷
Shivering :(,🥶
I am feeling down :(,😢
I am dizzy :(,😵
Feeling ill :),🤧
I am furious :(,😠
I want to nap :(,😪
Eye roll,🙄
Shhh! :(,🤐
Feeling weird,🥴
Upset!!!,😡
Health issues :),😷
Sweating from stress :(,😓
Ugh...!,😒
Cursing,🤬
Tears are falling :),😢
This is scary! :(,😱
Ouch!!!,🤕
Recovery time :(,🤕
Sleeping :),😴
Time to celebrate!!,🎉
I am scared!,😱
I am thinking :(,🤔
I can't believe it,🤯
I am woozy!,🥴
Confused mood!,🥴
Confused mood!!,🥴
Almost asleep :),😪
Feeling shy :(,😳
Life is amazing!,😄
Uncomfortable :),😖
Caught off guard :(,😳
"Wow, incredible!",🤩
Health issues,😷
Hot!,🥵
Vomiting :),🤮
Feeling pain!,🤕
Indifferent :),😐
Upset! :(,😡
I feel fantastic!!,😄
Feeling pain :(,🤕
Keeping quiet :),🤐
Frustrated!!,😖
I can't stop laughing :(,😂
I feel sad :),🙁
Bandaged up,🤕
Good night :(,😴
This is irritating :(,😤
Life is amazing!,😄
This is hard :),😣
Yuck! :(,🤢
I am scared!!,😱
Silent!,😶
Sniff sniff :),🤧
Meh...!,😐
So innocent :),😇
Calm day :(,😌
So soothing :(,😌
Feeling ill!,😷
Bandaged up :(,🤕
I am in love :(,❤️
Hot :),🥵
Neutral!!,😐
Tears are falling!!,😢
So frustrating! :(,😠
Birthday vibes :(,🥳
Looking stylish!,😎
Feeling romantic,🥰
Shhh! :),🤐
Dreaming,😴
Feeling low!!,😞
Upset! :(,😤
Birthday vibes,🥳
Mad!!,🤬
Peaceful mind!!,😌
I am furious :),😠
Sniff sniff,🤧
Disappointed!!,😔
Feeling sick :(,🤮
Silent!!,😶
I can't believe it,🤯
Feeling bored :),😒
Ouch!,🤕
Temperature high :(,🤒
Fever :(,🤒
Let's party tonight!!,🎉
Overwhelmed,😵
Allergies! :),🤧
Life is amazing!!,😄
Feeling faint :(,😵
Feeling smug,😏
I can't believe it :),🤯
I feel hopeless!,😞
This is shocking! :),😱
This is unfortunate!,😞
Almost asleep!,😪
I feel bad,😔
That annoyed me :),😠
Temperature high :(,🤒
Feeling starstruck :),🤩
I am so happy today,😄
Silly face :),😛
Looking stylish :),😎
Silent!!,😶
I am frustrated :(,😤
Sly smile!,😏
Gross feeling :),🤢
Embarrassed,😳
I can't :(,😣
Keeping quiet :),🤐
Feeling depressed :),😢
Uncomfortable!,😖
So frustrating! :(,😠
That was funny!!,😂
This is shocking!,😱
"Feeling depressed,i am in depression!",😔
Feeling drowsy :),😪
Feeling fun :(,😜
I can't believe it :),🤯
Allergies! :(,🤧
Upset! :(,😤
I am goofy :(,🤪
So affectionate :(,🥰
Feeling pain,🤕
Feeling confident,😎
This is hard!!,😣
Blushing :(,😳
Struggling :),😣
So cool!!!,🤩
Dreaming!,😴
Sick!,😷
Mind blown :(,🤯
Upset!!,😡
Speechless!,😶
Mind spinning!,😵
So cool!,🤩
I want that,🤤
I am scared :),😱
So annoyed!!,😤
Indifferent!,😐
Dreaming :),😴
Sick,😷
Unwell :),🤒
Sad day :),😔
I know something :(,😏
So cold!,🥶
Neutral,😐
Feeling bored :),😒
Sealed lips :),🤐
Let's celebrate :(,🥳
Oh no!!,😳
Feeling good,😇
So warm! :),🥵
Feeling weird,🥴
I want to nap :),😪
So relaxed!,😎
Annoyed :(,😖
Eye roll :(,🙄
Health issues :(,😷
I am terrified :),😱
Feeling festive,🥳
This is irritating :),😤
Out of it :(,🥴
Feeling bored :(,😒
Playful mood,😜
Annoyed :),😖
Silly me :),😜
Out of it!!,🥴
Wow! :),😲
Celebration time!,🎉
Feeling sick :),🤒
"Yay, so happy! :)",😄
So cold!!,🥶
I adore this!,🥰
Crazy fun,😝
Need rest :(,🤒
"I need food,i am hungry :)",🤤
Being playful,😜
Feeling depressed,😢
Feeling crazy :),🤪
Feeling depressed!,😢
Exhausted!,😓
This is crazy :),🤯
So relaxed,😎
I need warmth!,🥶
Funny mood!!,🤪
I feel hopeless :),😞
Annoyed :),😖
Feeling fun,😜
Feeling faint,😵
Wacky mood!!,🤪
This is disappointing,🙁
Feeling terrified!!,😱
Summer sun!!,🥵
Playful mood!!,😜
I need to figure it out!,🤔
Celebration time!,🎉
Dizzy,🥴
Yummy food :(,😋
I can't eat!!,🤢
Sick to stomach :(,🤢
I am thinking!!,🤔
Feeling down :(,😔
Annoyed :),😖
Hurt myself!!,🤕
I am goofy!!,🤪
Sweaty,🥵
"Feeling depressed,i am in depression :(",😔
Mad! :),🤬
That annoyed me!!,😠
Hilarious! :(,😂
I am calm!!,😇
I am disappointed,😞
Sealed lips :(,🤐
Cannot handle this :(,🤮
This is so sad,😢
Difficult situation!,😣
Hot :(,🥵
Need rest :),🤒
Sad day!!,😔
Playful :(,😛
I adore this :),🥰
Uncomfortable!!,😖
Thinking... :),🤔
Injured!!,🤕
Feeling faint!!,😵
Surprised,😲
I am feeling cool,😎
Feeling stressed!!,😓
So stressed!,😖
This is crazy!!,🤯
So soothing!,😌
Silly face,😛
Cursing :(,🤬
I am calm,😇
Delicious food!,🤤
No words :(,😶
I am scared :),😱
So sad :(,😞
Feeling bored :),😒
Vomiting!!,🤮
Freezing!,🥶
Feeling depressed!,😞
I love this :(,❤️
Ugh...!!,😒
Cold symptoms!!,🤧
Fuming :),😡
I know something :(,😏
Frustrated!!,😡
Feeling bad :(,😖
I feel bad!,😔
So tired,😪
Feeling angry!,😤
Overwhelmed,😵
Feeling terrible :),😢
Feeling sick :),🤮
Feeling meh :),😐
Ugh!,🙄
Wow!,😲
Cold symptoms,🤧
Celebration time!,🎉
Peaceful day :),😇
I can't,😣
Feeling satisfied :(,😋
Crazy fun :(,😝
Struggling :(,😣
Frustrated mood :(,😒
I love this meal!!,😋
Feeling terrified,😱
So cool!!,🤩
I am scared :(,😱
Feeling blessed,😇
Disappointed!,😔
I am feeling angry :(,😠
Sly smile :(,😏
Exhausted :),😓
Difficult situation!!,😣
"I need food,i am hungry :)",🤤
This is unfortunate :(,😞
Unwell,🤒
Feeling bored!,😒
Thinking... :(,🤔
"I need food,i am hungry!",🤤
Feeling good!!,😇
Meh...!!,😐
I adore this :),🥰
Wacky mood!,🤪
"I need food,i am hungry!",🤤
Wow!!,😲
So much love :),❤️
Hilarious! :),😂
Mind blown!,🤯
Surprised!!,😲
Sneezing :),🤧
So frustrating! :),😠
Feeling stressed :(,😓
I am heartbroken :),😢
Feeling fun!!,😜
"Hmm, I wonder!!",🤔
Feeling affectionate :),❤️
This is so sad :(,😢
Feeling shy :(,😳
So mad!!,😡
Peaceful mind :),😌
Flu symptoms!!,😷
Feeling relaxed!,😴
So cool! :),🤩
I am starving :),🤤
Feeling good!,😇
Hurt myself :(,🤕
Furious,🤬
This is irritating,😤
Shocking! :(,🤯
Being goofy :(,😝
Unbelievable! :(,😲
Feeling nauseous!,🤢
Feeling angry :(,😤
Feeling romantic :(,🥰
Winter mood!!,🥶
Sly smile,😏
Hungry :(,🤤
I feel fantastic :(,😄
Feeling faint!,😵
Wacky mood!!,🤪
Difficult situation!!,😣
Feeling bored :),😒
Feeling bad :),😖
Disappointed :(,😔
I am starving!,🤤
Bandaged up :(,🤕
Celebration time!!,🎉
Feeling terrified,😱
I can't stop laughing,😂
Need rest!!,🤒
Speechless :(,😶
Dreaming :(,😴
Indifferent :),😐
I am so happy today :(,😄
Hungry :),🤤
Feeling down :),😔
Hurt myself!,🤕
Feeling good :),😇
Looking stylish!!,😎
Ugh!!,🙄
Shocked silently :(,😶
Annoyed :(,😖
Feeling drowsy :),😪
Dizzy!,🥴
Yuck! :),🤢
I am thinking,🤔
Dreaming,😴
Yucky!!,🤮
Out of it :),🥴
Vomiting :),🤮
Tears are falling!,😢
Feeling fun!!,😜
Calm day!,😌
I am in love,❤️
Angry :),😡
Being playful :),😜
I am so happy today :(,😄
Struggling :),😣
Tears are falling,😢
Allergies! :),🤧
Feeling terrified!,😱
Celebration time!!,🎉
That annoyed me!!,😠
Fuming,😡
Meh... :),😐
Difficult situation!,😣
I want that,🤤
I can't believe it,🤯
Sad day :(,😔
So soothing!,😌
Adore it!!!,❤️
This is scary!!!,😱
Health issues!!,😷
Nothing to say,😶
Not impressed!!,🙄
Not feeling well :(,😷
So annoyed :(,😤
Delicious! :(,😋
Feeling ill,😷
Keeping quiet,🤐
Silent!,🤐
Feeling good :(,😇
I am scared,😱
This is irritating :),😤
Eye roll!,🙄
Silent!,😶
LOL :(,😂
Shhh! :),🤐
Tired!!,😓
Playful :(,😛
Shocking! :(,🤯
Angry!,😡
Cheeky mood!!,😛
I adore this :(,🥰
Flu symptoms!!,😷
Shivering,🥶
Confused mood,🥴
I am feeling angry!!,😠
Yummy food :(,😋
Feeling overheated,🥵
Allergies!!!,🤧
Wow! :(,😲
Not happy!!,😔
Crazy fun!!,😝
"ZZZ...,i am sleeping :(",😴
So annoying!,🙄
Feeling great :(,😄
Not impressed!!,😒
Furious,🤬
Injured!,🤕
Unwell :(,🤒
Party time! :),🥳
This is unfortunate :),😞
Dreaming,😴
Curious about this :),🤔
This is crazy!,🤯
I adore this :(,🥰
I feel miserable!,😢
Yuck! :),🤢
So tired!,😪
So mad,😡
I am upset,😞
"Yay, so happy!!",😄
Celebration time!!,🎉
Feeling sick :(,🤒
Shhh! :(,🤐
Feeling wild :),😝
Frustrated!!,😡
Uncomfortable!,😖
Feeling smug,😏
Feeling bored!!,😒
Crazy fun :),😝
Health issues!,😷
Allergies! :),🤧
Embarrassed,😳
I love this meal :),😋
I am dizzy!!,😵
Dizzy,🥴
Delicious!,😋
This is irritating :),😤
LOL :(,😂
I am feeling down :(,😢
So warm!!,🥵
Injured :),🤕
Annoyed!!,😖
Let's party tonight!,🎉
Caught off guard :),😳
Just joking :(,😛
Good night!,😴
Fun time!!,😛
Good night :),😴
Calm day,😌
Crazy fun,😝
I know something,😏
Ugh...,😒
Wacky mood :(,🤪
Feeling pain :),🤕
Yucky!,🤮
I am calm :(,😇
Feeling crazy :),🤪
Adore it!!!,❤️
Peaceful mind!!,😌
This is scary! :),😱
Just joking!!,😛
I am chill :(,😎
So annoyed :),😤
So cool! :),🤩
I feel sad :),🙁
Feeling relieved!,😌
Life is amazing!,😄
Temperature high!,🤒
"Wow, incredible! :)",🤩
Fun time!!,😛
I am amazed,🤩
I can't believe it!,😲
Not feeling well :),😷
Silly and weird,🤪
Cannot handle this,🤮
Shivering!,🥶
Eye roll!,🙄
Tired,😓
Celebration time,🎉
Oh no!!!,😳
This is awesome :),🤩
I am goofy :(,🤪
I got this :(,😏
That was funny!!,😂
"Wow, incredible! :)",🤩
I want to nap!!,😪
Feeling romantic :),🥰
Flu symptoms!,😷
Feeling relieved :(,😌
Silly me :(,😜
Shocked! :),😲
Feeling sick :(,🤮
I love this meal!,😋
Feeling smug!,😏
I am in love!,❤️
Hilarious!,😂
Fever :(,🤒
This is scary!!,😱
Being goofy,😝
Silly face!,😛
Feeling depressed!,😞
LOL :(,😂
Annoyed!!,😖
Shocking!!!,🤯
This is unfortunate :(,😞
I am furious,😠
I am feeling angry!!,😠
This is awesome :(,🤩
Crazy fun :),😝
I am excited!!!,🎉
So warm!,🥵
"I need food,i am hungry",🤤
Struggling :(,😣
Fever!!,🤒
Curious about this!!,🤔
Cold symptoms!!,🤧
I am starving!,🤤
Yucky! :),🤮
Silly face!!,😛
That annoyed me,😠
So affectionate :),🥰
Time to celebrate!,🎉
I am feeling cool :),😎
Feeling relaxed!,😴
I am chill :),😎
Not impressed :),🙄
Eye roll!,🙄
Feeling crazy,🤪
Nothing to say :(,😶
Cold symptoms!,🤧
Feeling depressed,😞
Overworked :),😓
I am frustrated :(,😤
Frustrated,😡
Feeling down :),😔
Feeling pain :(,🤕
Feeling shy :),😳
Fever!,🤒
I am furious,😠
Nothing to say!,😶
Yucky! :),🤮
That annoyed me!!,😠
I am feeling angry!,😠
Feeling confident!,😎
Feeling sick,🤒
Crazy fun,😝
Cheeky mood,😛
Oh no!,😳
Fuming :(,😡
Shocked! :(,😲
Party time!,🥳
I am thinking,🤔
Feeling festive :),🥳
I am feeling down :(,😢
Nothing to say,😶
So affectionate :),🥰
Can't say,🤐
Feeling down!,😔
Feeling depressed :),🙁
Neutral,😐
I am furious,😠
Feeling stressed :),😓
Let's party tonight!!,🎉
Neutral :),😐
Frustrated,😡
Feeling terrified!!,😱
Looking stylish :(,😎
Shhh!,🤐
Adore it!!!,❤️
"ZZZ...,i am sleeping!",😴
Speechless :),😶
Feeling confident!,😎
Sleeping!,😴
Feeling cheeky!!,😏
Feeling sick!,🤒
This is hard :(,😣
I feel loved :),🥰
Need rest,🤒
Caught off guard,😳
Annoyed :(,😖
Feeling meh!!,😐
Frustrated mood,😒
Feeling low :(,😞
No words,😶
Speechless!,😶
Unhappy with this :(,🙁
Cold symptoms :(,🤧
Struggling :),😣
Upset!!,😡
Temperature high :),🤒
Peaceful mind,😌
Winter mood!!,🥶
I am upset :),😞
I am thinking,🤔
Delicious food :(,🤤
Wow!!,😲
Feeling crazy,🤪
I am furious,😠
Feeling good,😇
I am upset :(,😞
Overworked!,😓
Feeling angry :),😤
Furious!,🤬
I am chill :),😎
Wow!,😲
I am chill,😎
I am frustrated :),😤
Unhappy with this :(,🙁
Funny face!!,😝
So much love :(,❤️
Feeling smug!!,😏
Feeling sick!!,🤒
I am goofy :(,🤪
I want to nap!,😪
LOL :),😂
Unbelievable! :(,😲
Cheeky mood!!,😛
Sneezing!!,🤧
Yucky!,🤮
Feeling down :(,🙁
I am upset :(,😞
Feeling stressed!!,😓
Ugh... :(,😒
Party time!,🥳
Sweating from stress!!,😓
Thinking...!,🤔
Yay!,🥳
Delicious food,🤤
Cannot handle this :(,🤮
Annoyed!!,😖
I am upset,😞
Struggling,😣
Feeling down!!,🙁
Ouch!,🤕
I am woozy!,🥴
"Yay, so happy! :(",😄
Sneezing :),🤧
Looking stylish :(,😎
Struggling!!,😣
So affectionate :(,🥰
I got this,😏
Feeling ill,🤧
Thinking...,🤔
Feeling blessed!,😇
I feel sad!!,🙁
I am dizzy!!,😵
Feeling ill,🤧
Silly me,😜
Oh no! :),😳
Crazy fun!!,😝
Wacky mood :(,🤪
Neutral!,😐
No words :(,😶
Recovery time!,🤕
Sealed lips!!,🤐
Ouch! :(,🤕
We won! :(,🎉
Mouth watering :),🤤
I am heartbroken!!,😢
That annoyed me :(,😠
I am in love!!,❤️
Feeling relieved,😌
Feeling bad,😖
Feeling weird,🥴
I am upset,😞
So annoyed!,😤
Mind spinning :),😵
Caught off guard :),😳
I am goofy!!,🤪
Annoyed!!,😒
Shivering,🥶
I am scared!!,😱
Silly face!!,😛
Uncomfortable!,😖
Good night :),😴
Dazed :(,😵
Unwell!,🤒
So annoyed!,😤
Peaceful day!!,😇
This is disappointing :),🙁
Difficult situation!!,😣
Shocking! :),🤯
LOL!,😂
Unbelievable! :(,😲
I am frustrated!,😤
Mouth watering :(,🤤
Playful :(,😛
Playful mood,😜
I love this :(,❤️
Yay!!,🥳
I can't believe it!!,🤯
"Hmm, I wonder :(",🤔
Meh...!,😐
So annoying!!,🙄
Wacky mood :(,🤪
Unbelievable!,😲
So innocent :(,😇
Feeling great!,😄
I got this,😏
Nothing to say :),😶
That annoyed me :),😠
So innocent :(,😇
Silly face :),😛
Summer sun,🥵
Feeling great!!,😄
Sniff sniff,🤧
Feeling great,😄
Feeling ill!!,😷
Birthday vibes,🥳
That annoyed me,😠
So warm!!,🥵
"So funny!,laugh,i am laughing :)",😂
Angry :),😡
So annoying!,🙄
Feeling relaxed!,😴
I can't believe it :(,🤯
Blushing :(,😳
Keeping quiet,🤐
So cold,🥶
Feeling blessed,😇
Sniff sniff!!,🤧
Summer sun!,🥵
I feel loved,🥰
I am scared :(,😱
Feeling romantic :),🥰
Furious :),🤬
Delicious food :),🤤
This is unfortunate!!,😞
I want that!!,🤤
Feeling relaxed,😌
Indifferent :),😐
Feeling relaxed :),😌
Annoyed,😒
I am excited! :),🎉
Difficult situation,😣
We won! :),🎉
I am feeling angry,😠
Frustrated mood :(,😒
I can't stop laughing!,😂
I am in love :),❤️
Frustrated mood!,😒
Injured!!,🤕
Feeling good,😇
So affectionate :(,🥰
Yuck! :(,🤢
Good night,😴
Funny mood!,🤪
Feeling drowsy :),😪
Mind spinning!!,😵
Time to celebrate,🎉
Feeling meh :(,😐
Funny mood!!,🤪
Feeling down!!,😔
Not happy today :(,🙁
Neutral!!,😐
I feel loved :),🥰
Feeling relieved!!,😌
So affectionate :(,🥰
Shocking! :(,🤯
So innocent :(,😇
Feeling stressed,😣
I can't!!,😣
Yummy food :),😋
"Feeling depressed,i am in depression!",😔
Blushing!!,😳
Can't say,🤐
Let's celebrate!,🥳
I am so happy today :),😄
Shocking!!,🤯
Adore it!!!,❤️
Exhausted :(,😓
I am thinking!,🤔
Sick to stomach,🤢
Dazed,😵
This makes me mad!,😠
Silly and weird!,🤪
Silent :(,🤐
Overwhelmed :(,🤯
Silent :),🤐
So cold,🥶
So warm! :),🥵
Peaceful day,😇
I am frustrated :),😤
Temperature high!!,🤒
Feeling faint!!,😵
Indifferent :),😐
I am woozy!,🥴
Birthday vibes!,🥳
Celebration time :(,🎉
Yucky! :),🤮
Ugh :),🙄
I am goofy!!,🤪
So relaxed :),😎
Need rest :(,🤒
I feel sad!!,🙁
Mind spinning :(,😵
I am dizzy :(,😵
Feeling relaxed!,😌
Thinking... :),🤔
Feeling stressed!!,😓
Feeling starstruck!,🤩
I am excited! :),🎉
Out of it,🥴
Struggling,😣
Being playful,😜
That annoyed me,😠
Shocked!!!,😲
I love this :),❤️
"So funny!,laugh,i am laughing :(",😂
Unbelievable!,😲
Sleepy!!,😪
So tasty!,😋
Cheeky mood!,😛
Mad! :(,🤬
I am woozy!!,🥴
I got this!,😏
Feeling ill :),🤧
Sick!,😷
Sending love,🥰
So soothing :(,😌
Annoyed :),😒
Feeling cheeky!!,😏
Silly face!,😛
Sealed lips!,🤐
Neutral!,😐
Feeling satisfied,😋
That was funny,😂
I adore this,🥰
I feel loved :(,🥰
Birthday vibes,🥳
Shocked silently!!,😶
Sniff sniff,🤧
I am excited!,🎉
Feeling low!!,😞
Feeling sick,🤒
Silly mood :),😝
So stressed!,😖
I am feeling cool :),😎
Feeling satisfied,😋
Need rest,🤒
Let's party tonight!!,🎉
Mad!!,🤬
Gross,🤮
Not impressed!!,😒
Funny mood :),🤪
No words :),😶
Peaceful mind!,😌
Feeling great :(,😄
Feeling faint :(,😵
Angry!,😡
Speechless :),😶
Feeling terrified :),😱
I love this meal!,😋
Let's party tonight :),🎉
Feeling stressed :(,😓
Feeling terrible :(,😢
This is hard :),😣
Feeling faint :(,😵
Yummy food!!,😋
Dreaming :(,😴
Cheeky mood!!,😛
Sweaty :),🥵
Upset! :(,😤
I am so happy today :(,😄
Bandaged up!!,🤕
Furious :(,🤬
Meh... :),😐
Sleepy,😪
I know something :(,😏
Frustrated!!,😡
Not impressed!,🙄
Feeling festive :),🥳
This is hard :(,😣
Hurt myself!!,🤕
Not impressed!,😒
Allergies!,🤧
I can't believe it,😲
Winter mood!,🥶
Let's celebrate :(,🥳
Delicious! :),😋
Feeling overheated :),🥵
Flu symptoms :),😷
Funny face!!,😝
Sick to stomach :(,🤢
Let's party tonight!!,🎉
Recovery time :(,🤕
Unbelievable! :),😲
Not impressed :(,😒
Frustrated mood!!,😒
Silly mood,😝
Feeling shy :),😳
Being playful :),😜
I am upset :(,😞
Feeling terrified!!,😱
I am amazed!,🤩
Let's celebrate :),🥳
Good night :),😴
Feeling sick!,🤒
Dazed,😵
Wacky mood,🤪
So tired :(,😪
I am scared!,😱
I am frustrated!,😤
Caught off guard,😳
Annoyed!,😒
I got this :),😏
I can't eat!,🤢
Feeling blessed!!,😇
I feel loved :),🥰
Cold symptoms :(,🤧
Playful!,😛
So relaxed :(,😎
Feeling fun!!,😜
Feeling meh!,😐
I am excited!,🎉
Feeling pain!,🤕
Outraged!,🤬
Silent :),😶
This is scary!!!,😱
Feeling relaxed!!,😴
Upset! :),😤
I am excited!,🎉
Furious!!,🤬
This is hard :(,😣
Keeping quiet :(,🤐
LOL,😂
Silent :(,😶
Delicious! :),😋
Sick!,😷
Feeling overheated,🥵
Not happy!!,😔
Hilarious!!!,😂
Feeling good!!,😇
Let's celebrate,🥳
Gross,🤮
I can't believe it,🤯
Dreaming :),😴
Mad! :),🤬
I feel fantastic!,😄
Can't say!!,🤐
Life is amazing :),😄
Feeling satisfied :(,😋
Sniff sniff!,🤧
"Feeling depressed,i am in depression :)",😔
I want that!,🤤
Sick to stomach,🤢
Upset!,😤
Sick!!,😷
Sending love :),🥰
Delicious! :),😋
Feeling pain!!,🤕
Tears are falling!!,😢
Frustrated mood,😒
Gross!!,🤮
Feeling festive :(,🥳
Angry :(,😡
Funny mood!,🤪
So much love :),❤️
Can't say!!,🤐
Feeling nauseous :(,🤢
Hot!,🥵
Disappointed!,😔
"Yay, so happy!",😄
That was funny!,😂
I love this meal!,😋
Feeling smug :(,😏
Allergies!!,🤧
I want that!!,🤤
Feeling sick :),🤮
Disappointed :),😔
I need warmth :(,🥶
Feeling good!!,😇
Shocking!,🤯
"Hmm, I wonder!",🤔
I am upset :),😞
Shocked! :),😲
I am feeling angry,😠
Not feeling well :(,😷
I am feeling angry :(,😠
I am woozy!!,🥴
Time to celebrate!!,🎉
Confused mood :),🥴
Overwhelmed!,🤯
I got this,😏
This is irritating :(,😤
Not impressed,🙄
Feeling ill :(,🤧
Feeling meh!,😐
Recovery time :),🤕
Just joking :),😛
Fun time!,😛
I can't stop laughing,😂
So affectionate :(,🥰
Extreme anger,🤬
Surprised :),😲
Winter mood!,🥶
Feeling satisfied :(,😋
Feeling starstruck,🤩
I am thinking,🤔
Sly smile!,😏
Overwhelmed,🤯
Keeping quiet!,🤐
Feeling terrible!,😢
I feel loved :(,🥰
Yummy food!,😋
Unhappy with this!!,🙁
Hilarious!!!,😂
Cold symptoms!,🤧
Shocked silently :),😶
Feeling overheated :),🥵
Disappointed :),😔
Injured!,🤕
Health issues :),😷
Caught off guard!!,😳
Life is amazing :(,😄
I am so happy today,😄
Surprised :),😲
I am dizzy!,😵
I need to figure it out!!,🤔
Sick!!,😷
I am terrified :(,😱
Silent!!,🤐
Feeling drowsy :),😪
Upset!!,😤
Feeling faint!!,😵
Feeling bored :),😒
Playful mood :(,😜
Feeling confident,😎
Celebration time!,🎉
Mind blown :),🤯
Not happy today!,🙁
Cold symptoms,🤧
I am starving :(,🤤
Oh no! :(,😳
Surprised!!,😲
I am terrified!!,😱
Feeling pain,🤕
So much love :(,❤️
Feeling good :),😇
I feel fantastic!,😄
This is shocking! :(,😱
Mouth watering!!,🤤
Feeling faint :(,😵
"Wow, incredible! :(",🤩
Feeling pain :),🤕
Cold symptoms!,🤧
Freezing :(,🥶
Yuck! :),🤢
Peaceful mind!!,😌
Dreaming!!,😴
Feeling blessed :(,😇
Ugh!!,🙄
Feeling fun!,😜
Dazed :(,😵
Sleeping :(,😴
Caught off guard!,😳
Injured!!,🤕
No reaction!,😐
Feeling stressed!,😣
This is scary!!,😱
Need rest!!,🤒
I love this!!,❤️
Uncomfortable :),😖
Flu symptoms!!,😷
I can't stop laughing :(,😂
Calm day :(,😌
Sly smile :),😏
Hot,🥵
Eye roll,🙄
So sad,😞
I want to nap,😪
Flu symptoms :(,😷
Feeling romantic :(,🥰
Shocked!!!,😲
Feeling fun,😜
So much love,❤️
Feeling festive :(,🥳
I am in love :),❤️
Playful :),😛
Gross!!,🤮
I want that!!,🤤
Feeling satisfied!,😋
Shivering :(,🥶
Overworked :(,😓
Party time! :(,🥳
LOL,😂
So tired!!,😪
Out of it :(,🥴
I feel hopeless :),😞
This is awesome :),🤩
Overwhelmed!!,🤯
I am feeling angry :(,😠
Feeling wild!!,😝
Feeling romantic :),🥰
Feeling starstruck :),🤩
Mind spinning :),😵
I feel hopeless :),😞
This is crazy :),🤯
So cold!,🥶
Feeling bad :(,😖
Feeling satisfied!!,😋
I am thinking!,🤔
Birthday vibes!!,🥳
Feeling stressed!,😣
I feel fantastic!!,😄
Confused mood :(,🥴
I am starving,🤤
Sweating from stress :(,😓
Shocked silently,😶
Tired!,😓
Hilarious! :(,😂
Keeping quiet,🤐
Shocked!!,😲
Meh...,😐
I am feeling cool :),😎
Let's celebrate :(,🥳
Overwhelmed,😵
Feeling crazy :),🤪
Sick to stomach :(,🤢
Funny face,😝
Feeling shy :(,😳
Bandaged up :),🤕
Feeling meh :(,😐
Uncomfortable :),😖
So frustrating!!,😠
Recovery time,🤕
Looking stylish,😎
Feeling stressed :),😣
Feeling smug,😏
Winter mood :(,🥶
I need warmth!!,🥶
So frustrating!,😠
I am calm,😇
Allergies! :(,🤧
Delicious food :(,🤤
Hilarious!,😂
This makes me mad!!,😠
Feeling fun :),😜
"Yay, so happy! :(",😄
This is unfortunate :(,😞
Ouch! :),🤕
Caught off guard!,😳
Can't say!!,🤐
I am disappointed :(,😞
Cannot handle this,🤮
Not impressed :),😒
Health issues,😷
Eye roll!!,🙄
Tears are falling!!,😢
"Hmm, I wonder!",🤔
Yuck! :(,🤢
This is scary! :(,😱
"Wow, incredible! :)",🤩
Feeling drowsy!,😪
I am in love,❤️
Sweaty :(,🥵
This makes me mad,😠
Silly face!!,😛
I am feeling cool!,😎
LOL!,😂
Feeling relaxed,😌
That annoyed me,😠
Feeling depressed :(,🙁
I can't eat :(,🤢
Frustrated mood!!,😒
So relaxed :),😎
Oh no!,😳
I am so happy today,😄
I feel sad :),🙁
Looking stylish,😎
Unbelievable! :),😲
Sly smile!!,😏
I need to figure it out!,🤔
Funny mood :),🤪
This is crazy :(,🤯
So soothing!,😌
So tired!!,😪
Feeling relaxed,😌
Feeling depressed!!,🙁
Struggling,😣
Caught off guard :(,😳
Feeling blessed :(,😇
Life is amazing!!,😄
Feeling good!!,😇
So relaxed!!,😎
So sad!,😞
Angry!,😡
Not impressed,😒
Frustrated :),😡
I feel bad!!,😔
So annoyed :(,😤
Sick to stomach,🤢
Feeling pain :(,🤕
Caught off guard :(,😳
Feeling cheeky!,😏
Disappointed!!,😔
Outraged :),🤬
So warm! :(,🥵
So soothing,😌
I feel sad!!,🙁
Bandaged up :),🤕
Being goofy!,😝
Hot :),🥵
Allergies! :(,🤧
I am starving :),🤤
So tasty :),😋
So cool!!,🤩
I feel miserable :),😢
"Wow, incredible!",🤩
Almost asleep :),😪
Feeling terrible!,😢
Let's celebrate!,🥳
Ouch! :),🤕
Silly me :),😜
Exhausted!!,😓
Ugh,🙄
Need rest :),🤒
Not happy :),😔
Wow!!!,😲
Injured :(,🤕
Cheeky mood,😛
I need to figure it out!!,🤔
Gross :(,🤮
Being playful!,😜
I am feeling down :(,😢
Nothing to say,😶
Yuck! :(,🤢
I am dizzy :),😵
Not impressed,😒
So relaxed :),😎
I am feeling cool :),😎
This makes me mad :(,😠
Feeling festive :),🥳
I am disappointed,😞
Ugh :),🙄
I am so happy today :),😄
I can't stop laughing :),😂
This is disappointing!!,🙁
So frustrating!,😠
I am woozy!!,🥴
Freezing!!,🥶
Dreaming!!,😴
Blushing!!,😳
Mind blown :(,🤯
"So funny!,laugh,i am laughing :)",😂
Annoyed :),😖
Mouth watering!,🤤
Mad!,🤬
Speechless :(,😶
Feeling down,😔
So stressed!!,😖
Cannot handle this :(,🤮
Feeling depressed!!,🙁
Feeling stressed,😣
Extreme anger :(,🤬
Annoyed :),😖
This is crazy,🤯
Not impressed!,🙄
Annoyed :(,😒
Overwhelmed!!,😵
Being goofy!,😝
Frustrated :),😡
Bandaged up!,🤕
I am in love :),❤️
So mad :),😡
Out of it!!,🥴
Silly me!,😜
Feeling pain!,🤕
Sly smile!!,😏
I got this!,😏
I am starving :),🤤
Shivering!,🥶
Tears are falling!,😢
Being playful!,😜
Not happy today!,🙁
Time to celebrate!,🎉
I can't believe it :(,🤯
Shivering!,🥶
Feeling blessed!,😇
Neutral :(,😐
Shocked!,😲
Uncomfortable,😖
Struggling!,😣
Funny face!,😝
Uncomfortable!!,😖
Silly and weird :(,🤪
Feeling good,😇
Cheeky mood :),😛
I am feeling cool :),😎
Shivering :),🥶
Can't say,🤐
Feeling meh,😐
Peaceful day,😇
Sleepy!!,😪
I am feeling down,😢
Gross!,🤮
So stressed :(,😖
Hungry!,🤤
Angry :(,😡
I am so happy today!!,😄
I feel fantastic!!,😄
I am chill :(,😎
This is shocking!!,😱
Being playful!,😜
I can't eat!!,🤢
Gross feeling :),🤢
So cool!!,🤩
I am excited! :),🎉
Blushing,😳
Feeling weird!,🥴
No reaction :(,😐
Feeling crazy!,🤪
Funny mood :(,🤪
Fun time!,😛
Feeling wild,😝
I am chill :(,😎
Feeling overheated,🥵
Feeling romantic :),🥰
I am thinking,🤔
Mind blown :(,🤯
I need to figure it out!,🤔
Keeping quiet :(,🤐
Feeling terrified!,😱
Summer sun!,🥵
Silly me :(,😜
Feeling terrible :(,😢
Sick to stomach!!,🤢
I can't believe it :(,😲
Feeling terrible :(,😢
Not feeling well!,😷
Yummy food :),😋
Funny face :),😝
Indifferent!!,😐
Birthday vibes,🥳
Annoyed,😖
Not impressed!,🙄
Outraged!!,🤬
Fever!!,🤒
So cool!!!,🤩
Yucky! :),🤮
Frustrated :(,😖
I am feeling angry!!,😠
I am calm,😇
I am woozy,🥴
Yay! :),🥳
Feeling terrible,😢
Ouch!!!,🤕
So tasty!,😋
Silly me!,😜
Sending love :),🥰
Sniff sniff :(,🤧
Feeling weird!,🥴
So tired :(,😪
Feeling bad!,😖
This makes me mad :(,😠
Feeling fun!,😜
Temperature high :(,🤒
Struggling :(,😣
Fuming,😡
Feeling affectionate!!,❤️
Can't say,🤐
This is so sad,😢
Delicious food!!,🤤
Feeling faint!!,😵
Summer sun!,🥵
Just joking :(,😛
Feeling good!,😇
Fuming!,😡
So much love,❤️
Feeling down :(,🙁
Feeling starstruck!,🤩
Feeling down!,🙁
We won!!!,🎉
Shivering :(,🥶
Yay! :(,🥳
"I need food,i am hungry!!",🤤
Feeling festive!!,🥳
I am excited!,🎉
Angry!!,😡
Dizzy!!,🥴
Flu symptoms :(,😷
Calm day!,😌
Silly and weird :(,🤪
Blushing :),😳
Overwhelmed!,😵
I feel sad,🙁
Hurt myself :(,🤕
Recovery time!,🤕
Feeling terrible :),😢
So cold,🥶
Oh no!!,😳
Feeling relieved :),😌
Winter mood,🥶
I adore this,🥰
Summer sun :(,🥵
Surprised :),😲
Keeping quiet!!,🤐
Wow!,😲
Feeling down :(,🙁
Hilarious!,😂
Fuming!,😡
I am furious!!,😠
Allergies! :),🤧
I am feeling down,😢
I am dizzy :(,😵
Wow!,😲
Delicious! :(,😋
So relaxed :(,😎
This is scary! :(,😱
Silly face!!,😛
Feeling depressed :(,😢
I feel loved :),🥰
Feeling terrible!,😢
I am chill!!,😎
Shocked silently!!,😶
I am feeling cool!!,😎
I feel fantastic!,😄
Feeling confident!,😎
Feeling romantic,🥰
I am starving!,🤤
Feeling cheeky :(,😏
So tasty!!,😋
Sweating from stress,😓
Caught off guard :(,😳
Ouch! :),🤕
Feeling affectionate!,❤️
I am feeling angry!,😠
Almost asleep :(,😪
I am dizzy,😵
Overworked :(,😓
Embarrassed,😳
Frustrated :),😡
So affectionate :(,🥰
Uncomfortable :(,😖
Sick to stomach,🤢
Feeling starstruck!,🤩
So affectionate!,🥰
Caught off guard :),😳
Mind blown :(,🤯
